Habitat,familia,Name,QUALITY,SIZE,COUNTRY,COMMENTS,PRICE
Water shells,APLUSTRIDAE,Hydatina  albocincta,F++,25,Vietnam,,5.00 
Water shells,APORRHAIDAE,Aporrhais serresianus,F++,36-37,Spain,,5.00 
Water shells,ARCHITECTONICIDAE,Heliacus fallaciosus,F++,16,Italy,,"6,00" 
Water shells,ARCHITECTONICIDAE,Heliacus fallaciosus,F++,15.8,Italy,W/O,"8,00" 
Water shells,BUCCINIDAE,Aeneator castillai,F++,65-70,Chile,"Good quality for this rough shells, thin growth line, LARGE",25.00 
Water shells,BUCCINIDAE,Aeneator fontainei,F+,50-60,Chile,rough lip,5.00 
Water shells,BUCCINIDAE,Aeneator fontainei,F+,61+,Chile,rough lip,7.00 
Water shells,BUCCINIDAE,Aeneator loissae,F++,82,Chile,"Typical protoconch missing, large, nice","30,00" 
Water shells,BUCCINIDAE,Aeneator loissae,F++,90.7,Chile,"Huge, typical protoconch missing.","70,00" 
Water shells,BUCCINIDAE,Aeneator loissae,F++,60-70,Chile, Protoconch missing,"15,00" 
Water shells,BUCCINIDAE,Aeneator loissae,F++,70-75,Chile, Protoconch missing,"20,00" 
Water shells,BUCCINIDAE,Aeneator sp.,F++,30-40,Chile,Deep water,40.00 
Water shells,BUCCINIDAE,Aeneator sp.,F++,41+,Chile,Deep water,60.00 
Water shells,BUCCINIDAE,Cantharus pastinaca,F++,19-20,Ecuador,,"10,00" 
Water shells,BUCCINIDAE,Fusitriton  oregon galea,F++,85,Japan,"W/O, protocnch missing","10,00" 
Water shells,BUCCINIDAE,Neptunea contraria,F++,108,Spain,"W/O, nice quality","35,00" 
Water shells,BUCCINIDAE,Neptunea contraria,F++,94-98,Spain,"W/O, Nice quality","20,00" 
Water shells,BUCCINIDAE,Phos articulatus,F++,18+,Panama,,"3,00" 
Water shells,BUCCINIDAE,Solenosteira fusiformis,F++,50-56,Ecuador,,"6,00" 
Water shells,BUCCINIDAE,Volutharpa nipponkaiensis,F++,32,Japan,Fragile shell,"10,00" 
Water shells,BUCCINIDAE,Pollia mollis,F++,20.8,Japan,Uncommon,"15,00" 
Water shells,BUCCINIDAE,Cantharus gemmatus,F++,20-22,Ecuador,,2.50 
Water shells,BUCCINIDAE,Cantharus gemmatus,F++,27,Ecuador,Large,"4,00" 
Water shells,BULLIDAE,Bulla  botanica,F++,55-57,Australia,Larges,"8,00" 
Water shells,BULLIDAE,Bulla  botanica,F++,49,Australia,,"5,00" 
Water shells,CALLIOTROPIDAE,Bathybembix humboldti,F++,57-58,Chile,"Large, W/O, good quality",100.00 
Water shells,CALLIOTROPIDAE,Bathybembix humboldti,F+,62,Chile,"W/O, Equal to World record size??",250.00 
Water shells,CALLIOTROPIDAE,Bathybembix humboldti,F++,52,Chile,"W/O, Nice sample",70.00 
Water shells,CALLIOTROPIDAE,Bathybembix humboldti,F++,40-46,Chile,W/O,"30,00" 
Water shells,CALLIOTROPIDAE,Bathybembix humboldti,F++,35-39,Chile,,20.00 
Water shells,CALLIOTROPIDAE,Bathybembix humboldti,F,40-50,Chile,"W/O, Typical missing top,",20.00 
Water shells,CALLIOTROPIDAE,Ginebis argenteonitens,F++,55-54,Japan,W/O,"10,00" 
Water shells,CALLIOTROPIDAE,Ginebis argenteonitens,f+,46,Japan,"W/O, scar on first whorl","6,00" 
Water shells,CALLIOTROPIDAE,Ginebis argenteonitens,F,48,Japan,Drilled on last whorl,"3,00" 
Water shells,CALLIOTROPIDAE,Ginebis convexiusculus,F++,54-56,Japan,,"10,00" 
Water shells,CALLIOTROPIDAE,Euchelus alarconi,F++,4-5,Easter Island,,"12,00" 
Water shells,CALLIOSTOMATIDAE,Calliostoma annulatum,F++,26,USA,Very nice sample,"20,00" 
Water shells,CALLIOSTOMATIDAE,Calliostoma annulatum,F++,19,USA,All brown shell,"10,00" 
Water shells,CALLIOSTOMATIDAE,Otukaia chilena,F+,34.9,Chile,HUGE,300.00 
Water shells,CALLIOSTOMATIDAE,Otukaia chilena,F++,32.8,Chile,Huge,200.00 
Water shells,CALLIOSTOMATIDAE,Otukaia delli,F++,31.7,Chile,"Huge, NICE IRIDESCENT","200,00" 
Water shells,CALLIOSTOMATIDAE,Otukaia delli,F+,26,Chile,"Tiny drill, growth line","40,00" 
Water shells,CALLIOSTOMATIDAE,Otukaia delli,F++,28.6,Chile,,"80,00" 
Water shells,CALLIOSTOMATIDAE,Otukaia delli,F++,29.6,Chile,,"80,00" 
Water shells,CALLIOSTOMATIDAE,Otukaia delli,F++,29,Chile,"Nice iridescent, W/O","180,00" 
Water shells,CALLIOSTOMATIDAE,Otukaia delli,F++,34.2,Chile,Huge,250.00 
Water shells,CALLIOSTOMATIDAE,Calliostoma moebiusi,F++,5-7,Chile,,7.00 
Water shells,CALLIOSTOMATIDAE,Calliostoma moebiusi,F++,9-10,Chile,"Very nice, W/O, red colour",12.00 
Water shells,CALLIOSTOMATIDAE,Calliostoma moebiusi,F++,8-10,Chile,"Very nice, W/O, radial cream and red bands ",20.00 
Water shells,CALLIOSTOMATIDAE,Calliostoma moebiusi,F++,10+,Chile,,15.00 
Water shells,CALLIOSTOMATIDAE,Calliostoma monile,F++,18-19,Australia,,7.00 
Water shells,CALLIOSTOMATIDAE,Maurea tigris,F++,57,New Zealand,"W/O, Nice sample","20,00" 
Water shells,CALLIOSTOMATIDAE,Calliostoma ornatum,F++,19-20,Sud Africa,,"6,00" 
Water shells,CALLIOSTOMATIDAE,Calliostoma zizyphinum,F++,18-19,Spain,,"3,00" 
Water shells,CALLIOSTOMATIDAE,Calliostoma zizyphinum,F++,10,Spain,White,"8,00" 
Water shells,CALLIOSTOMATIDAE,Maurea punctulata,F++,31,New Zealand,"W/O, Nice sample","7,00" 
Water shells,CALLIOSTOMATIDAE,Calliostoma laugieri,F++,7-8.,Spain,"Purple, Nice","10,00" 
Water shells,CALLIOSTOMATIDAE,Calliostoma jucundum,F++,13-16,Argentina,,"10,00" 
Water shells,CALLIOSTOMATIDAE,Calliostoma granulatum,F++,34,Spain,W/O,"7,00" 
Water shells,CALLIOSTOMATIDAE,Calliostoma granulatum,F++,25-26,Italy,,"4,00" 
Water shells,CALLIOSTOMATIDAE,Calliostoma laugieri,F++,9,Italy,"Purple, Nice","15,00" 
Water shells,CALLIOSTOMATIDAE,Calliostoma haliarcus,F++,36-38,Japan,W/O,"10,00" 
Water shells,CALLIOSTOMATIDAE,Calliostoma koma,F++,20-21,Taiwan,,"15,00" 
Water shells,CALLIOSTOMATIDAE,Calliostoma consors,F++,15,Japan,W/O,"4,00" 
Water shells,CALLIOSTOMATIDAE,Calliostoma consors,F++,17,Japan,,"4,00" 
Water shells,CALLIOSTOMATIDAE,Calliostoma nordensjkoldi,F++,9-9.5,Uruguay,,"10,00" 
Water shells,CALLIOSTOMATIDAE,Calliostoma consors,F++,6+,Japan,"Small samples, nice","2,00" 
Water shells,CALYPTRAEIDAE,Crepidula excavata,F++,15-18,Ecuador,,1.50 
Water shells,CALYPTRAEIDAE,Crepidula excavata,F++,20-23,Ecuador,,2.50 
Water shells,CALYPTRAEIDAE,Crepidula excavata,F++,27-29,Ecuador,,3.50 
Water shells,CALYPTRAEIDAE,Crepidula incurva,F++,8-10,Ecuador,,1.00 
Water shells,CALYPTRAEIDAE,Trochita trochiformis,F+,69-70,Chile,larges,"8,00" 
Water shells,CALYPTRAEIDAE,Trochita trochiformis,F+,90,Chile,HUGE,"25,00" 
Water shells,CALYPTRAEIDAE,Trochita trochiformis,F+,81,Chile,HUGE,"15,00" 
Water shells,CALYPTRAEIDAE,Crepipatella dilatata,F+,48-52,Chile,Larges,"4,00" 
Water shells,CANCELLARIIDAE,Cancellaria stuardoi,F+,44,Chile,"Very rare deep water shell, Some erosion on first whorl.","350,00" 
Water shells,CASSIDAE,Semicassis centiquadrata,F++,50-55,Ecuador,"Larges, tiny chip on canal",10.00 
Water shells,CASSIDAE,Semicassis centiquadrata,F++,59-59.5,Ecuador,"Huges, tiny chip on canal",15.00 
Water shells,CASSIDAE,Semicassis granulata,F++,58-60,Brasil,,"5,00" 
Water shells,CERITHIIDAE,Batillaria zonalis,F++,13-14,Japan,,1.00 
Water shells,CERITHIIDAE,Bittium incile,F++,4-5,Canary Isl.,,3.00 
Water shells,CERITHIIDAE,Cacozeliana granarium,F++,15-17,Australia,,1.00 
Water shells,CERITHIIDAE,Cerithium atratum,F+,25-27,Brasil,,2.00 
Water shells,CERITHIIDAE,Cerithium novaehollandiae,F++,22-23,Australia,,2.00 
Water shells,CERITHIIDAE,Cerithium rupestre,F++,18-20,Italia,,2.00 
Water shells,CERITHIIDAE,Cerithium stercusmuscarum,F++,22-23,Panama,,2.00 
Water shells,CERITHIIDAE,Hypotrochus monachus,F++,11-14,Australia,,5.00 
Water shells,CERITHIIDAE,Cerithium leptocharactum,f++,13.5,Easter Island,Juvenile,"7,00" 
Water shells,CERITHIIDAE,Cerithium leptocharactum,f++,12-13,Easter Island,Rare,"20,00" 
Water shells,COLUMBELLIDAE,Columbella fuscata,F++,15-17,Ecuador,,3x $ 5 
Water shells,COLUMBELLIDAE,Mazatlania fulgurata,F++,10-12,Ecuador,,"3,00" 
Water shells,COLUMBELLIDAE,Mitrella cf. Densilineata,F++,5-6,Ecuador,,"3,00" 
Water shells,COLUMBELLIDAE,Strombina gibberula,F++,10-11,Ecuador,,"2,00" 
Water shells,COLUMBELLIDAE,Bifurcium  bicanaliferum,F++,10-12,Ecuador,,"4,00" 
Water shells,COLUMBELLIDAE,Mitrella ebenum,F++,6-8,Chile,,"3,00" 
Water shells,COLUMBELLIDAE,Mitrella delicata,F++,11-12,Ecuador,Typical decollated,"3,00" 
Water shells,COLUMBELLIDAE,Anachis cf. Rugulosa,F++,10-11,Ecuador,,"2,00" 
Water shells,COLUMBELLIDAE,Columbella fuscata,F++,14-16,Ecuador,,"3,00" 
Water shells,COLUMBELLIDAE,Columbella fluctuata,F++,14.5-16,Ecuador,,2.50 
Water shells,CONIDAE,Conus anabathrum,F++,28-29,USA,,"12,00" 
Water shells,CONIDAE,Conus cancellatus,F+,49,USA,growth line,"8,00" 
Water shells,CONIDAE,Conus ximenes,F++,20-24,Ecuador,,"3,00" 
Water shells,CONIDAE,Conus ximenes,F++,26-29,Ecuador,,"5,00" 
Water shells,CONIDAE,Conus lividus,F+,25,Huahine,Chipped lip,1.00 
Water shells,CONIDAE,Conus anemone,F++,48,Australia,"W/O, minor growth line",5.00 
Water shells,CONIDAE,Conus decurtata,F++,28.6,Indonesia,,"7,00" 
Water shells,CONIDAE,Conus henckesi,F++,16-17,Brasil,,"30,00" 
Water shells,CONIDAE,Conus californicus,F++,24-26,USA,,"8,00" 
Water shells,CONIDAE,Conus californicus,F++,19.4,USA,,"5,00" 
Water shells,CONIDAE,Conus moreleti,F+,40,Japan,"W/P, Erpsion near top.","5,00" 
Water shells,CONIDAE,Conus fumigatus,F+,29.8,Japan,Tiny chipped lip., 
Water shells,CONIDAE,Conus inscriptus,F++,42-44,India,,"6,00" 
Water shells,CONIDAE,Conus inscriptus,F++,48,India,,"8,00" 
Water shells,CONIDAE,Conus arenatus,F++,28-29,Philippines,,"2,00" 
Water shells,CONIDAE,Conus villepini,F++,50-53,Brasil,,"40,00" 
Water shells,CONIDAE,Conus ione,F+,60,Japan,Rough lip,"25,00" 
Water shells,CONIDAE,Conus adversarius,F,80-81,USA,"Fossil, broken lip, Sinistral species, perfect apex","15,00" 
Water shells,CONIDAE,Conus emarginatus,F,82,Ecuador,Lip was broken and self repaired,"10,00" 
Water shells,CONIDAE,Conus emarginatus,F+,67,Ecuador,"tiny chpped lip, W/P","30,00" 
Water shells,CONIDAE,Conus gradatulus,F+,73.3,South Africa,"Minor trimmed lip, large cream","100,00" 
Water shells,CONIDAE,Conus fergusoni,F++,109,Ecuador,"Huge, good quality for the size, not the typical erosion on spire in large samples, minor trimmed lip.","45,00" 
Water shells,CYPRAEIDAE,Cypraea hesitata,F++,86,Australia,From Victoria,"30,00" 
Water shells,CYPRAEIDAE,Cypraea hesitata,F++,93,Australia,From Victoria,"35,00" 
Water shells,CYPRAEIDAE,Cypraea hesitata beddomei,F++,73,Australia,From Victoria,"40,00" 
Water shells,CYPRAEIDAE,Cypraea ventriculus topee,F++,34,Tuamotu,,"8,00" 
Water shells,CYPRAEIDAE,Cypraea ventriculus topee,F++,40-41,Tuamotu,,"10,00" 
Water shells,CYPRAEIDAE,Cypraea angioyorum,F++,30-31,India,,"40,00" 
Water shells,CYPRAEIDAE,Cypraea maculifera scindata,F++,44-46,Huahine,,"7,00" 
Water shells,CYPRAEIDAE,Cypraea eglantina,F++,58-61,Philippines,Larges,"5,00" 
Water shells,CYPRAEIDAE,Cypraea arabica,F++,49-52,Philippines,,"3,00" 
Water shells,CYPRAEIDAE,Cypraea stercoraria,F++,71-74,Angola,,"15,00" 
Water shells,CYPRAEIDAE,Cypraea chinensis violacea,F++,30-32,Kenya,,"6,00" 
Water shells,CYPRAEIDAE,Cypraea lurida,F++,40-44,Italy,,"10,00" 
Water shells,CYPRAEIDAE,Cypraea lurida,F++,48,Italy,Large,"15,00" 
Water shells,CYPRAEIDAE,Cypraea carolinensis,F+,53,USA,"Pleistocene, some shine","30,00" 
Water shells,CYPRAEIDAE,Cypraea cylindrica sowerbyana,F++,25,Australia,,"5,00" 
Water shells,CYPRAEIDAE,Cypraea fuscorubra,F++,33,South Africa,,"18,00" 
Water shells,CYPRAEIDAE,Siphocypraea problemática,F+,56,USA,,"10,00" 
Water shells,CYPRAEIDAE,Cypraea talpa imperialis,F++,58-59,Madagascar,,"6,00" 
Water shells,CYPRAEIDAE,Cypraea depressa,F++,32-34,India,,"3,00" 
Water shells,CYPRAEIDAE,Cypraea mappa,F++,66-67,Philippines,,"6,00" 
Water shells,CYPRAEIDAE,Cypraea caputserpentis,F++,29-31,Philippines,,"1,00" 
Water shells,CYPRAEIDAE,Cypraea piperita,F++,21,Australia,,"10,00" 
Water shells,CYPRAEIDAE,Cypraea piperita,F++,16,Australia,,"7,00" 
Water shells,CYPRAEIDAE,Cypraea argus,F++,60-61,Philippines,,"7,00" 
Water shells,CYPRAEIDAE,Cypraea tigris,F++,55-57,Philippines,,"5,00" 
Water shells,CYPRAEIDAE,Cypraea helvola callista,F++,16-18,Huahine,,"3,00" 
Water shells,CYPRAEIDAE,Cypraea englerti,F++,24-25,Easter Island,,"20,00" 
Water shells,CYPRAEIDAE,Cypraea englerti,F++,26-27,Easter Island,,"30,00" 
Water shells,CYPRAEIDAE,Cypraea englerti,F++,24.6,Easter Island,Form: obesa,"45,00" 
Water shells,CYPRAEIDAE,Cypraea cinerea,F++,23-24,Brasil,,"10,00" 
Water shells,CYPRAEIDAE,Monetaria caputdraconis,F+++,30-35,Easter Island,,"5,00" 
Water shells,CYPRAEIDAE,Monetaria caputdraconis,F+++,37.9,Easter Island,,15.00 
Water shells,CYPRAEIDAE,Monetaria caputdraconis,F+++,39,Easter Island,,25.00 
Water shells,CYLICHNIDAE,Scaphander punctostriatus,F++,18-19,USA,Dredged in 670 to 765 m.,"30,00" 
Water shells,DENTALIIDAE,Paradentalium disparile,F++,30-35,Brasil,,"3,00" 
Water shells,DENTALIIDAE,Dentalium octangulatum,F++,22-27,Oman,,"5,00" 
Water shells,DENTALIIDAE,Dentalium senegalensis,F++,"25,6",Senegal,,"5,00" 
Water shells,DENTALIIDAE,Dentalium octangulatum,F++,40-44,Japan,,"7,00" 
Water shells,DENTALIIDAE,Dentalium octangulatum,F++,52,Japan,,"10,00" 
Water shells,DENTALIIDAE,Antalis novemcostata,F++,"32,3",Spain,,"6,00" 
Water shells,DENTALIIDAE,Dentalium vulgare,F++,21-26,Spain,,"3,00" 
Water shells,DENTALIIDAE,Antalis weinkauffi,F++,54,Japan,,"4,00" 
Water shells,DENTALIIDAE,Antalis weinkauffi,F++,62-65,Japan,,"6,00" 
Water shells,DENTALIIDAE,Entalopsis habutae,F++,20,Japan,,"8,00" 
Water shells,DENTALIIDAE,Antalis disparile,F++,40-41,Brasil,,"5,00" 
Water shells,DENTALIIDAE,Dentalium laqueatum,F++,28+,USA,,"5,00" 
Water shells,DRILLIIDAE,Lissodrillia schroederi,F++,4-6,USA,Uncommon,"15,00" 
Water shells,ELLOBIIDAE,Melampus pascus,F++,9-11,Easter Island,Uncommon to rare!!,8.00 
Water shells,ELLOBIIDAE,Cassidula nucleus,F++,14-15,Japan,,"1,00" 
Water shells,ELLOBIIDAE,Ellobium chinensis,F++,24-28,Japan,,"3,00" 
Water shells,EPITONIIDAE,Amaea ferminiana,F++,46-47,Ecuador,,"12,00" 
Water shells,EPITONIIDAE,Amaea ferminiana,F++,52-56,Ecuador,,"18,00" 
Water shells,EPITONIIDAE,Amaea ferminiana,F++,61.7,Ecuador,Drilled attemp,"20,00" 
Water shells,FASCIOLARIIDAE,Fusinus cf. Strigatus,F++,66,Brasil,W/O,"10,00" 
Water shells,FICIDAE,Ficus gracilis,F++,106,Philippines,,"7,00" 
Water shells,FISSURELLIDAE,Fissurella  bridgesi,F+,50-59,Chile,Uncommon,"6,00" 
Water shells,FISSURELLIDAE,Fissurella  bridgesi,F+,60-64,Chile,Uncommon,"8,00" 
Water shells,FISSURELLIDAE,Fissurella  bridgesi,F+,65-70,Chile,Uncommon,"10,00" 
Water shells,FISSURELLIDAE,Fissurella  bridgesi,F+,71+,Chile,Uncommon,"20,00" 
Water shells,FISSURELLIDAE,Fissurella  costata,F++,50-60,Chile,,6.00 
Water shells,FISSURELLIDAE,Fissurella  costata,F++,61-70,Chile,,8.00 
Water shells,FISSURELLIDAE,Fissurella  costata,F++,71-75,Chile,,10.00 
Water shells,FISSURELLIDAE,Fissurella  costata,F++,76-79,Chile,,20.00 
Water shells,FISSURELLIDAE,Fissurella  costata,F+,82.3,Chile,some erosion on surface,"30,00" 
Water shells,FISSURELLIDAE,Fissurella  costata,F++,83.3,Chile,,"60,00" 
Water shells,FISSURELLIDAE,Fissurella  costata,F++,86,Chile,Near WRS,"100,00" 
Water shells,FISSURELLIDAE,Fissurella  crassa,F+,45-49,Chile,some with Scurria parasitica mark,3.00 
Water shells,FISSURELLIDAE,Fissurella  crassa,F+,50-59,Chile,some with Scurria parasitica mark,"5,00" 
Water shells,FISSURELLIDAE,Fissurella  crassa,F+,60-69,Chile,some with Scurria parasitica mark,"6,00" 
Water shells,FISSURELLIDAE,Fissurella  crassa,F+,70-75,Chile,some with Scurria parasitica mark,"7,00" 
Water shells,FISSURELLIDAE,Fissurella  crassa,F+,76-80,Chile,some with Scurria parasitica mark,"8,00" 
Water shells,FISSURELLIDAE,Fissurella  crassa,F+,82.5,Chile,Top quality for the size,40.00 
Water shells,FISSURELLIDAE,Fissurella  crassa,F+,83.3,Chile,"tiny erosion  on surface,",30.00 
Water shells,FISSURELLIDAE,Fissurella  crassa,F+,80.3,Chile,Top quality for the size,"35,00" 
Water shells,FISSURELLIDAE,Fissurella  crassa,F+,84.3,Chile,,"40,00" 
Water shells,FISSURELLIDAE,Fissurella  crassa,F+,81.8,Chile,"tiny erosion  on surface,","30,00" 
Water shells,FISSURELLIDAE,Fissurella  crassa,F+,84,Chile,"tiny erosion  on surface,",40.00 
Water shells,FISSURELLIDAE,Fissurella  crassa,F+,89.5,Chile,"tiny erosion  on surface,","60,00" 
Water shells,FISSURELLIDAE,Fissurella  crassa,F+,93.9,Chile,"tiny erosion  on surface   WRS?","120,00" 
Water shells,FISSURELLIDAE,Fissurella  crassa,F+,91.5,Chile,tiny erosion  on surface,"70,00" 
Water shells,FISSURELLIDAE,Fissurella  crassa,F+,90.7,Chile,tiny erosion  on surface,"60,00" 
Water shells,FISSURELLIDAE,Fissurella  cumingi,F++,60-70,Chile,,6.00 
Water shells,FISSURELLIDAE,Fissurella  cumingi,F++,71-80,Chile,,10.00 
Water shells,FISSURELLIDAE,Fissurella  cumingi,F++,85-88,Chile,,"15,00" 
Water shells,FISSURELLIDAE,Fissurella  cumingi,F++,93.1,Chile,,30.00 
Water shells,FISSURELLIDAE,Fissurella  cumingi,F++,94,Chile,,"35,00" 
Water shells,FISSURELLIDAE,Fissurella  cumingi,F++,99.5,Chile,,40.00 
Water shells,FISSURELLIDAE,Fissurella  cumingi,F++,99.7,Chile,,"45,00" 
Water shells,FISSURELLIDAE,Fissurella  cumingi,F++,102,Chile,,"70,00" 
Water shells,FISSURELLIDAE,Fissurella  cumingi,F++,104,Chile,Near WRS,"80,00" 
Water shells,FISSURELLIDAE,Fissurella  latimarginata,F++,80-89,Chile,"Typical minor chipped edge, larges",7.00 
Water shells,FISSURELLIDAE,Fissurella  latimarginata,F++,90-99,Chile,"Typical minor chipped edge, larges",9.00 
Water shells,FISSURELLIDAE,Fissurella  latimarginata,F++,100-105,Chile,"Typical minor chipped edge, larges",15.00 
Water shells,FISSURELLIDAE,Fissurella  latimarginata,F++,106-110,Chile,"Typical minor chipped edge, larges",20.00 
Water shells,FISSURELLIDAE,Fissurella  latimarginata,F++,120.2,Chile,"typical minor chipped edge, larges, HUGE, near WRS",70.00 
Water shells,FISSURELLIDAE,Fissurella  limbata,F+,65.69,Chile,Always  with Scurria parasitica mark,7.00 
Water shells,FISSURELLIDAE,Fissurella  limbata,F+,70-74,Chile,Always  with Scurria parasitica mark,"12,00" 
Water shells,FISSURELLIDAE,Fissurella  limbata,F+,75-79,Chile,Always  with Scurria parasitica mark,"20,00" 
Water shells,FISSURELLIDAE,Fissurella  limbata,F+,55-59,Chile,Always  with Scurria parasitica mark,4.00 
Water shells,FISSURELLIDAE,Fissurella  maxima,F++,100-110,Chile,,7.00 
Water shells,FISSURELLIDAE,Fissurella  maxima,F++,111-115,Chile,,10.00 
Water shells,FISSURELLIDAE,Fissurella  maxima,F++,116-120,Chile,,15.00 
Water shells,FISSURELLIDAE,Fissurella  maxima,F++,121- 125,Chile,,20.00 
Water shells,FISSURELLIDAE,Fissurella  maxima,F++,126-129,Chile,,25.00 
Water shells,FISSURELLIDAE,Fissurella  oriens fulvescens,F++,20-25,Chile,Very uncommon,10.00 
Water shells,FISSURELLIDAE,Fissurella  oriens oriens,F+,40,Chile,"Fragil shell, some chipped edge","7,00" 
Water shells,FISSURELLIDAE,Fissurella  picta lata,F++,73.6,Chile,"Very uncommon, Huge sample,  top quality, only 1","50,00" 
Water shells,FISSURELLIDAE,Fissurella  picta picta,F+,55-60,Chile,,"6,00" 
Water shells,FISSURELLIDAE,Fissurella  picta picta,F+,65-69,Chile,,10.00 
Water shells,FISSURELLIDAE,Fissurella  picta picta,F+,70+,Chile,,12.00 
Water shells,FISSURELLIDAE,Fissurella  pulchra,F+,50-60,Chile,Very uncommon,"6,00" 
Water shells,FISSURELLIDAE,Fissurella  pulchra,F+,65-70,Chile,,"10,00" 
Water shells,FISSURELLIDAE,Fissurella  pulchra,F+,72+,Chile,,"12,00" 
Water shells,FISSURELLIDAE,Amblychilepas nigrita,F++,14,Australia,,"2,00" 
Water shells,FISSURELLIDAE,Amblychilepas javanicensis,F++,23-24,Australia,,"4,00" 
Water shells,FISSURELLIDAE,Clypidina  rugosa,F++,18-19,Australia,,"5,00" 
Water shells,FISSURELLIDAE,Cosmetalepas  concatenatus,F++,8-9,Australia,,"4,00" 
Water shells,FISSURELLIDAE,Cosmetalepas  concatenatus,F++,10-11,Australia,,"6,00" 
Water shells,FISSURELLIDAE,Diodora sieboldi,F++,19,Japan,,"8,00" 
Water shells,FISSURELLIDAE,Emarginula candida,F++,11-12,Australia,Larges,"5,00" 
Water shells,FISSURELLIDAE,Emarginula reticulata,F++,"9-9,5",G. Bretaña,,"3,00" 
Water shells,FISSURELLIDAE,Fissurella  radiosa tixeriae,F+/F++,27,Argentina,Scar,"5,00" 
Water shells,FISSURELLIDAE,Fissurella  verna,F+/F++,25-26,Cape Verde,,"4,00" 
Water shells,FISSURELLIDAE,Fissurella  nodosa,F++,21,Cuba,,"3,00" 
Water shells,FISSURELLIDAE,Fissurellidea megatrema,F++,28-29,Uruguay,,"10,00" 
Water shells,FISSURELLIDAE,Macrochisma africana,F++,13,Sud Africa,,"4,00" 
Water shells,FISSURELLIDAE,Macrochisma productum,F++,21-23,Australia,,"5,00" 
Water shells,FISSURELLIDAE,Medusafissurella  salebrosa,F++,15-16,Oman,,"5,00" 
Water shells,FISSURELLIDAE,Scutus sinensis,F++,"18,5",Japan,,"5,00" 
Water shells,HALIOTIDAE,Haliotis australis,F++,80-89,New Zealand,,"10,00" 
Water shells,HALIOTIDAE,Haliotis cyclobates,F++,54-57,Australia,,"5,00" 
Water shells,HALIOTIDAE,Haliotis discus hannai,F++,86-88,China,,"6,00" 
Water shells,HALIOTIDAE,Haliotis dohrniana,F++,23-25,Vanuatu,,"5,00" 
Water shells,HALIOTIDAE,Haliotis glabra,F++,36-37,Japan,,2.5 
Water shells,HALIOTIDAE,Haliotis iris,f+,137.7,New Zealand,"Some erosion surface,minor chipped edge.","10,00" 
Water shells,HALIOTIDAE,Haliotis lamellosa,F++,28-33,Italy,,"2,00" 
Water shells,HALIOTIDAE,Haliotis patamakanthini,F++,26,Thailand,,"4,00" 
Water shells,HALIOTIDAE,Haliotis pustulata,F++,28-30,Israel,,"4,00" 
Water shells,HALIOTIDAE,Haliotis roei,F++,58,Australia,,"5,00" 
Water shells,HALIOTIDAE,Haliotis roei,F++,75.8,Australia,,"10,00" 
Water shells,HALIOTIDAE,Haliotis roei,F++,48,Australia,,"4,00" 
Water shells,HALIOTIDAE,Haliotis rufescens,F++,60-70,Chile,"Introduced in Chile, ",5.00 
Water shells,HALIOTIDAE,Haliotis rufescens,F++,71+,Chile,,6.00 
Water shells,HALIOTIDAE,Haliotis rufescens,F++,80+,Chile,,8.00 
Water shells,HALIOTIDAE,Haliotis virginea,F++,53.2,New Zealand,,"8,00" 
Water shells,HALIOTIDAE,Haliotis virginea virginea,F++,30-31,New Zealand,,"5,00" 
Water shells,HIPPONICIDAE,Sabia conica,F++,9-10,Australia,,"1,00" 
Water shells,HIPPONICIDAE,Sabia conica,F++,13-15,Australia,,"2,00" 
Water shells,JANTHINIDAE,Janthina exigua,F++,9-10,New Zealand,,"10,00" 
Water shells,LITTORINIDAE,Littorina  peruviana,F+,10-12,Chile,"Medium size, selected, variable pattern",5x$ 2  
Water shells,LITTORINIDAE,Austrolittorina fernandezensis,F++,15-16,Chile,Endemic to Juan Fernandez Island,"8,00" 
Water shells,LITTORINIDAE,Echinolittorina paytensis,F++,7-9,Ecuador,,"3,00" 
Water shells,LITTORINIDAE,Littorina  coccinea,F++,16-18,Tahiti,,"3,00" 
Water shells,LITTORINIDAE,Littorina  sp,F++,7,Tahiti,,"2,00" 
Water shells,LITTORINIDAE,Echinolittorina pascua,F++,16-17,Easter Island,,"4,00" 
Water shells,LITTORINIDAE,Echinolittorina pascua,F++,13-14,Easter Island,,"3,00" 
Water shells,LITTORINIDAE,Littorina  varia,F++,20-23,Peru,,"2,00" 
Water shells,LITTORINIDAE,Littorina  varia,F++,27-28,Peru,,"4,00" 
Water shells,LOTTIIDAE,Lottia araucana,F+,20-25,Chile,Normal Sizes,3.00 
Water shells,LOTTIIDAE,Lottia araucana,F+,29-30,Chile,"minor erosion on surface, LARGES",5.00 
Water shells,LOTTIIDAE,Lottia araucana,F+,39,Chile,"Huge, minor erosion on surface",15.00 
Water shells,LOTTIIDAE,Lottia vriabilis F: bohmita,F++,7-8,Chile,Very uncommon,"7,00" 
Water shells,LOTTIIDAE,Scurria ceciliana,F++,12-15,Chile,,3.00 
Water shells,LOTTIIDAE,Scurria ceciliana magellanica,F+,15-17,Chile,minor erosion on apex,3.00 
Water shells,LOTTIIDAE,Scurria orbgnyi,F++,20-25,Chile,,"2,00" 
Water shells,LOTTIIDAE,Scurria orbgnyi,F++,26-28,Chile,Larges,3.00 
Water shells,LOTTIIDAE,Scurria orbgnyi,F++,31,Chile,"Huge, may be Record size??","15,00" 
Water shells,LOTTIIDAE,Scurria scurra,F++,20-25,Chile,,"2,00" 
Water shells,LOTTIIDAE,Scurria scurra,F++,26-30,Chile,,"3,00" 
Water shells,LOTTIIDAE,Scurria scurra,F++,31-33,Chile,Larges,"6,00" 
Water shells,LOTTIIDAE,Scurria scurra,F++,36,Chile,Large,"10,00" 
Water shells,LOTTIIDAE,Scurria scurra,F++,37.2,Chile,Large,"18,00" 
Water shells,LOTTIIDAE,Scurria scurra,F++,37.8,Chile,Huge,"22,00" 
Water shells,LOTTIIDAE,Scurria scurra,F++,38.2,Chile,HUGE,"30,00" 
Water shells,LOTTIIDAE,Scurria viridula,F+,30-35,Chile,"minor chipped edge, Fragile shell",3.00 
Water shells,LOTTIIDAE,Scurria viridula,F+,35+,Chile,"minor chipped edge, Fragile shell",5.00 
Water shells,LOTTIIDAE,Scurria zebrina,F++,18.5,Chile,Nice surface,"3,00" 
Water shells,LOTTIIDAE,Scurria zebrina,F++,26-30,Chile,"minor erosion on surface, Nice shell, selected.","5,00" 
Water shells,LOTTIIDAE,Scurria zebrina,F++,32,Chile,"minor erosion on surface, very nice shell, Huge,over WRS.","10,00" 
Water shells,LOTTIIDAE,Scurria zebrina,F+,39,Chile,"minor erosion on surface, HUGE, WRS","30,00" 
Water shells,LOTTIIDAE,Notoacmaea  potae,F++,6-7,New Zealand,,"5,00" 
Water shells,LOTTIIDAE,notoacmaea  scapha,F++,7-8,New Zealand,,"5,00" 
Water shells,, ,,,,,"4,00" 
Water shells,MANGELIIDAE,Ithycythara lanceolata,F++,4+,Mexico,, 
Water shells,MARGINELLIDAE,Bullata taylori,F++,42-43,USA,"Fossil, good quality","20,00" 
Water shells,MARGINELLIDAE,Bullata bullata,F++,41-47,Brasil,,"6,00" 
Water shells,MARGINELLIDAE,Bullata bullata,F++,54,Brasil,,"8,00" 
Water shells,MARGINELLIDAE,Crystospira elegans,F++,38-39,Thailand,,"7,00" 
Water shells,MARGINELLIDAE,Marginella angustata,F++,,India,,"2,00" 
Water shells,MARGINELLIDAE,Marginella bilineata,F++,7,Sud Africa,,"5,00" 
Water shells,MARGINELLIDAE,Marginella catenata,F++,4.5-5,Aruba,,"15,00" 
Water shells,MARGINELLIDAE,Marginella cymbalum,F++,5-6,Australia,,"6,00" 
Water shells,MARGINELLIDAE,Marginella denticulata,F++,18-19,Senegal,,"10,00" 
Water shells,MARGINELLIDAE,Marginella denticulata,F++,24,Senegal,,"13,00" 
Water shells,MARGINELLIDAE,Marginella desjardini,F++,41,Mauritania,,"6,00" 
Water shells,MARGINELLIDAE,Marginella desjardini,F++,45-48,Mauritania,,"10,00" 
Water shells,MARGINELLIDAE,Marginella floccata,F++,24-26,Sud Africa,,"10,00" 
Water shells,MARGINELLIDAE,Marginella glabella,F++,29-32,W. Sahara,white,"8,00" 
Water shells,MARGINELLIDAE,Marginella glabella,F++,37-39,W. Sahara,,"4,00" 
Water shells,MARGINELLIDAE,Marginella glabella,F++,26-27,W. Sahara,,"3,00" 
Water shells,MARGINELLIDAE,Marginella glabella,F++,42,W. Sahara,,"6,00" 
Water shells,MARGINELLIDAE,Marginella goodali,F++,35-36,Guinea Bissau,Huges,"45,00" 
Water shells,MARGINELLIDAE,Marginella interruptolineata,F++,12,Venezuela,Larges,"6,00" 
Water shells,MARGINELLIDAE,Marginella interruptolineata,F++,15,Venezuela,Huges,"8,00" 
Water shells,MARGINELLIDAE,Marginella irrorata,F++,24-25,Mauritania,,"15,00" 
Water shells,MARGINELLIDAE,Marginella keenii,F++,12-12.5,Sud Africa,,"10,00" 
Water shells,MARGINELLIDAE,Marginella persicula,F++,19-20,Senegal,,"5,00" 
Water shells,MARGINELLIDAE,Marginella philippinarum,F++,11-12,Philippines,,"3,00" 
Water shells,MARGINELLIDAE,Marginella piperata,F++,15-17,Sud Africa,,"8,00" 
Water shells,MARGINELLIDAE,Marginella precursor,F++,23-25,USA,Fossil,"15,00" 
Water shells,MARGINELLIDAE,Marginella rosea,F++,26-29,Sud Africa,,"7,00" 
Water shells,MARGINELLIDAE,Marginella sagittata,F++,6-6.5,Brasil,,"10,00" 
Water shells,MARGINELLIDAE,Marginella senegalensis,F++,27-29,W. Sahara,Pink,"15,00" 
Water shells,MARGINELLIDAE,Marginella senegalensis,F++,30-32,W. Sahara,Larges,"12,00" 
Water shells,MARGINELLIDAE,Marginella sp,F++,38,Mauritania,,"10,00" 
Water shells,MARGINELLIDAE,Marginella sp,F++,45,Mauritania,,"15,00" 
Water shells,MARGINELLIDAE,Marginella spinacia,F++,6.5-7.0,Sao Tome,,"15,00" 
Water shells,MARGINELLIDAE,Marginella ventricosa,F++,20,India,,"5,00" 
Water shells,MARGINELLIDAE,Persicula accola,F++,19-20,Panama,,"7,00" 
Water shells,MARGINELLIDAE,Prunum terverianum,F++,8-8.5,Israel,,"10,00" 
Water shells,MARGINELLIDAE,Volvarina deliciosa,F++,12-13,W. Sahara,,"12,00" 
Water shells,MARGINELLIDAE,Volvarina insulana,F++,8-9,Sao Tome,,"25,00" 
Water shells,MARGINELLIDAE,Volvarina cf. Subamoena,F++,2-3,New Zealand,,"10,00" 
Water shells,MARGINELLIDAE,Volvarina cf. Subamoena,F++,5,New Zealand,,"15,00" 
Water shells,MITRIDAE,Neocancilla papilio,F++,30-32,Huahine,,"2,00" 
Water shells,MITRIDAE,Vexillum  acuminatum,F++,30-32,India,,"4,00" 
Water shells,MITRIDAE,Mitra swainsoni,F++,110-120,Ecuador,,"15,00" 
Water shells,MITRIDAE,Mitra swainsoni,F++,68.2,Ecuador,,"10,00" 
Water shells,MITRIDAE,Mitra variabilis,F++,30-31,Australia,,"5,00" 
Water shells,MURICIDAE,Babelomurex armatus,F++,28-29,Japan,,"12,00" 
Water shells,MURICIDAE,Babelomurex fruticosus,F++,11-12,Philippines,,"10,00" 
Water shells,MURICIDAE,Babelomurex lischkeanus,F++,37,Taiwan,tiny chipped lip,8.00 
Water shells,MURICIDAE,Coralliophila bulbiformis,F++,24-25,Japan,Natural surface,"2,00" 
Water shells,MURICIDAE,Coralliophila costularis,F++,22,Japan,Natural surface,"5,00" 
Water shells,MURICIDAE,Coralliophila costularis,F++,31,Japan,Natural surface,"6,00" 
Water shells,MURICIDAE,Coralliophila fearnleyi,F++,37-38,Japan,,"5,00" 
Water shells,MURICIDAE,Coralliophila neritoidea,F++,18-19,Philippines,,"2,00" 
Water shells,MURICIDAE,Coralliophila panormitana,F++,17-18,Spain,W/O,"15,00" 
Water shells,MURICIDAE,Haustrum lacunosum,F++,23-24,New Zealand,W/O,"10,00" 
Water shells,MURICIDAE,Hirtomurex squamosus,F++,29-32,Italy,W/O,"10,00" 
Water shells,MURICIDAE,Hirtomurex squamosus,F++,29-30,Italy,,"7,00" 
Water shells,MURICIDAE,Latiaxis dalli,F++,28-30,Brazil,W/O,"20,00" 
Water shells,MURICIDAE,Latiaxis gemmatus,F++,20,Philippines,,"6,00" 
Water shells,MURICIDAE,Latiaxis gyratus,F++,43,Taiwan,,"20,00" 
Water shells,MURICIDAE,Latiaxis japonicus,F+,35-36,Japan,,"5,00" 
Water shells,MURICIDAE,Latiaxis mawae,F++,30-31,Japan,W/O,"7,00" 
Water shells,MURICIDAE,Latiaxis spinosus,F++,14,Philippines,,"8,00" 
Water shells,MURICIDAE,Latiaxis stenospinosus,F+,22-23,Japan,"w/O, some long spines","10,00" 
Water shells,MURICIDAE,Ocenebra  inermicosta,F++,22-23,Angola,,"6,00" 
Water shells,MURICIDAE,Paratrophon patens,F++,10-12,New Zealand,,"5,00" 
Water shells,MURICIDAE,Chorus giganteus,F+,90-99,Chile,"Minor chipped lip, Uncommon","10,00" 
Water shells,MURICIDAE,Chorus giganteus,F+,101-110,Chile,"Minor chipped lip, Uncommon","12,00" 
Water shells,MURICIDAE,Concholepas concholepas,F++,125.8,Chile,"Large, Top quality for this species and size, W/O","35,00" 
Water shells,MURICIDAE,Concholepas concholepas,F++,134.1,Chile,"Large, Top quality for this species and size, W/O","45,00" 
Water shells,MURICIDAE,Concholepas concholepas,F+,136.7,Chile,"Large size, some chipped lip. W/O,","35,00" 
Water shells,MODULIDAE,Modulus catenulatus,F++,13-16,Peru,,2.00 
Water shells,NACELLIDAE,Cellana ardiosaea,F+,30-35,Chile,"Endemic to Juan Fernandez Island, Uncommon, minor chipped edge",7.00 
Water shells,NACELLIDAE,Cellana ardiosaea,F+,35+ - 39,Chile,"Endemic to Juan Fernandez Island, Uncommon, minor chipped edge",10.00 
Water shells,NACELLIDAE,Cellana ardiosaea,F+,40+,Chile,"Endemic to Juan Fernandez Island, Uncommon, minor chipped edge",20.00 
Water shells,NACELLIDAE,Cellana grata,F++,40-41,Japan,,"7,00" 
Water shells,NACELLIDAE,Cellana grata,F++,32,Japan,,"4,00" 
Water shells,NASSARIIDAE,Cyllene grayi,F++,14,Somalia,,"5,00" 
Water shells,NASSARIIDAE,Cyllene grayi,F++,16.5,Somalia,,"8,00" 
Water shells,NASSARIIDAE,Nassarius dentifer,F++,21-23,Chile,,"3,00" 
Water shells,NASSARIIDAE,Nassarius gruneri,F++,17-18,Philippines,,"2,00" 
Water shells,NASSARIIDAE,Nassarius luteostoma,F++,20,Ecuador,,"2,00" 
Water shells,NASSARIIDAE,Nassarius margaritiferus,F++,21-22,Philippines,,"1,00" 
Water shells,NASSARIIDAE,Phrontis pagodus,F++,19-20,Ecuador,,"2,00" 
Water shells,NASSARIIDAE,Phrontis pagodus,F++,22-24,Ecuador,,3.50 
Water shells,NATICIDAE,Natica fulminea,F++,25-27,Guinea Bissau,,"6,00" 
Water shells,NATICIDAE,Natica monodi,F++,24-26,,"Growth line, W/O","6,00" 
Water shells,NERITIDAE,Nerita polita,F++,26-27,Thailand,,"3,00" 
Water shells,NERITIDAE,Nerita lirellata,F++,20-21,Easter Island,Uncommon,"8,00" 
Water shells,NERITIDAE,Nerita  morio,F++,12-14,Easter Island,,2.00 
Water shells,NERITIDAE,Nerita  morio,F++,18-20,Easter Island,W/O,4.00 
Water shells,NERITIDAE,Nerita  funiculata,F++,10-12,Ecuador,,1.50 
Water shells,NERITIDAE,Neritina virginea,F++,12-15,Brasil,,1.50 
Water shells,NERITIDAE,Theodoxus luteofasciatus,F++,10-12,Peru,"Variable pattern, W/O","2,00" 
Water shells,NERITIDAE,Theodoxus luteofasciatus,F++,13-14,Peru,"Colour red brownish, Nice samples, W/O, Larges.","8,00" 
Water shells,NERITIDAE,Neritina usnea,F,13-15,USA,"Some erosion in apex, minor scars, W/O",1.50 
Water shells,OLIVIDAE,Agaronia acuminata,F++,53-55,Guinea Bissau,Rough lip,"5,00" 
Water shells,OLIVIDAE,Agaronia johnkochi,F++,29-30,Indonesia,,"7,00" 
Water shells,OLIVIDAE,Agaronia nebulosa,F++,43-44,Indonesia,,"6,00" 
Water shells,OLIVIDAE,Agaronia propatula,F++,19-20,Panama,Nice ORANGE,"6,00" 
Water shells,OLIVIDAE,Agaronia testacea,F++,34-35,Panama,,"4,00" 
Water shells,OLIVIDAE,Amalda australis,F++,36-37,New Zealand,,"5,00" 
Water shells,OLIVIDAE,Amalda depressa,F++,14+,New Zealand,,"5,00" 
Water shells,OLIVIDAE,Amalda mammilata,F++,30-32,Vietnam,W/O,"7,00" 
Water shells,OLIVIDAE,Amalda mucronata,F++,22-25,New Zealand,W/O,"5,00" 
Water shells,OLIVIDAE,Ancilla lienardi,F++,35-40,Brasil,,"6,00" 
Water shells,OLIVIDAE,Ancilla lienardi,F++,28-29,Brasil,Nice colour,"6,00" 
Water shells,OLIVIDAE,Ancilla mauritiana,F,,,Chipped lip, 
Water shells,OLIVIDAE,Ancilla cinnamonea,F++,28,India,,"4,00" 
Water shells,OLIVIDAE,Oliva annulata,F++,39-40,Philippines,,"5,00" 
Water shells,OLIVIDAE,Oliva duclosi,F++,23-24,Tahiti,Large,"4,00" 
Water shells,OLIVIDAE,Oliva flammulata,F++,25-27,Senegal,,"3,00" 
Water shells,OLIVIDAE,Oliva fulgurator,F++,45-46,Aruba,Large,"10,00" 
Water shells,OLIVIDAE,Oliva hirasei,F++,52-53,Taiwan,Large,"7,00" 
Water shells,OLIVIDAE,Oliva irisans oldi,F++,60,Taiwan,,"10,00" 
Water shells,OLIVIDAE,Oliva lignaria,F++,45-46,Australia,,"4,00" 
Water shells,OLIVIDAE,Oliva mucronata,F++,18-19,Indonesia,,"7,00" 
Water shells,OLIVIDAE,Oliva multiplicata,F++,40-41,Taiwan,,"10,00" 
Water shells,OLIVIDAE,Oliva oliva,F++,18-19,Philippines,,"2,00" 
Water shells,OLIVIDAE,Oliva porphyria,F+,63,Panama,Rough lip,"15,00" 
Water shells,OLIVIDAE,Oliva reticulata,F++,42-45,Philippines,,"5,00" 
Water shells,OLIVIDAE,Oliva scripta,F++,35-36,Honduras,,"5,00" 
Water shells,OLIVIDAE,Oliva spicata,F++,29-34,Mexico,,"4,00" 
Water shells,OLIVIDAE,Oliva tigridella,F++,18-19,Philippines,,"3,00" 
Water shells,OLIVIDAE,Oliva undatella ecuatoriana,F++,18-19,Ecuador,,"3,00" 
Water shells,OLIVIDAE,Oliva  vidua,F++,44-45,Philippines,,"5,00" 
Water shells,OLIVIDAE,Olivancillaria carcellesi,F++,30-31,Uruguay,,"10,00" 
Water shells,OLIVIDAE,Olivancillaria contortuplicata,F++,24-25,Uruguay,,"8,00" 
Water shells,OLIVIDAE,Olivancillaria deshayesiana,F++,30-31,Uruguay,,"7,00" 
Water shells,OLIVIDAE,Olivancillaria uretai,F++,26-27,Uruguay,,"5,00" 
Water shells,OLIVIDAE,Olivella biplicata,F++,17-18,USA,,"2,00" 
Water shells,OLIVIDAE,Olivella cf. Cymatilis,F++,12-14,Ecuador,Only 2,"20,00" 
Water shells,OLIVIDAE,Olivella cocosensis,F++,13-14,Panama,,"2,00" 
Water shells,OLIVIDAE,Olivella dama,F++,16-17,Mexico,,"2,00" 
Water shells,OLIVIDAE,Olivella nivea,F++,14-15,Brasil,,"2,00" 
Water shells,OLIVIDAE,Olivella peterseni,F++,10-13,Ecuador,,"6,00" 
Water shells,OLIVIDAE,Olivella semistriata,F++,10-11,Ecuador,,5x$2 
Water shells,OLIVIDAE,Olivella semistriata,F++,9-10,Ecuador,Blue,"5,00" 
Water shells,OLIVIDAE,Olivella semistriata,F++,9-10,Ecuador,Uncommon YELLOW,"6,00" 
Water shells,OLIVIDAE,Olivella undatella,F++,10-11,Ecuador,,"2,00" 
Water shells,OLIVIDAE,Olivella verreauxi,F++,11,Brasil,,"5,00" 
Water shells,OLIVIDAE,Olivella volutella,F++,19-22,Peru,,"3,00" 
Water shells,OLIVIDAE,Olivella zanoeta,F++,11-13,Ecuador,,"7,00" 
Water shells,OLIVIDAE,Olvella zanoeta,F++,9-10,Mexico,,"5,00" 
Water shells,OVULIDAE,Crenavolva striatula,F++,7-8,Japan,,"10,00" 
Water shells,OVULIDAE,Crenavolva takeoi,F++,7-8,Philippines,,"5,00" 
Water shells,OVULIDAE,Cyphoma emarginatum,F++,17-19,Ecuador,,"7,00" 
Water shells,OVULIDAE,Cyphoma emarginatum,F++,22,Ecuador,,"10,00" 
Water shells,OVULIDAE,Dentiovula eizoi,F++,7-8,Japan,,"10,00" 
Water shells,OVULIDAE,Dissona tosaensis,F++,8-9,Japan,,"25,00" 
Water shells,OVULIDAE,Pedicularia pacifica,F++,5-6,Japan,,"10,00" 
Water shells,OVULIDAE,Phenacovolva alabaster,F++,7-9,Japan,,"10,00" 
Water shells,OVULIDAE,Phenacovolva angasi,F++,8-9,Japan,,"12,00" 
Water shells,OVULIDAE,Phenacovolva birostris,F++,22,Japan,,"5,00" 
Water shells,OVULIDAE,Phenacovolva birostris,F++,27-28,Japan,,"7,00" 
Water shells,OVULIDAE,Phenacovolva castanea,F++,13,Somalia,,"10,00" 
Water shells,OVULIDAE,Phenacovolva castanea,F++,17,Somalia,,"15,00" 
Water shells,OVULIDAE,Phenacovolva fusula,F++,12,Japan,,"8,00" 
Water shells,OVULIDAE,Phenacovolva fusula,F++,16,Japan,,"10,00" 
Water shells,OVULIDAE,Phenacovolva longirostrata,F++,40-42,Japan,,"10,00" 
Water shells,OVULIDAE,Phenacovolva longirostrata,F++,50,Japan,,"18,00" 
Water shells,OVULIDAE,Phenacovolva longirostrata,F++,45,Japan,,"12,00" 
Water shells,OVULIDAE,Prionovolva longirostrata,F++,47,South Africa,,"15,00" 
Water shells,OVULIDAE,Prionovolva philippinarum,F++,15,Japan,,"20,00" 
Water shells,OVULIDAE,Prionovolva pudica wilsoniana,F++,6.5,Japan,,"5,00" 
Water shells,OVULIDAE,Prionovolva pudica wilsoniana,F++,8.8,Japan,,"7,00" 
Water shells,OVULIDAE,Pseudosimnia rosea,F++,31-32,Philippines,,"3,00" 
Water shells,OVULIDAE,Simnia spelta,F++,,Spain,,"10,00" 
Water shells,PATELLIDAE,Nacella magellanica chiloensis,F+,46-49,Chile,Huge,6.00 
Water shells,PATELLIDAE,Nacella magellanica chiloensis,F+,30-35,Chile,,2.00 
Water shells,PATELLIDAE,Nacella magellanica chiloensis,F+,36-39,Chile,,3.00 
Water shells,PATELLIDAE,Nacella magellanica magellanica,F++,30-40,Chile,,3.00 
Water shells,PATELLIDAE,Nacella magellanica magellanica,F++,41-45,Chile,,5.00 
Water shells,PATELLIDAE,Nacella magellanica magellanica,F++,45-50,Chile,,7.00 
Water shells,PATELLIDAE,Nacella magellanica magellanica,F++,over 50,Chile,,10.00 
Water shells,PATELLIDAE,Nacella deaurata,F++,30-40,Chile,,3.00 
Water shells,PATELLIDAE,Nacella deaurata,F++,41-45,Chile,,"4,00" 
Water shells,PATELLIDAE,Nacella deaurata,F++,46-50,Chile,,"6,00" 
Water shells,PATELLIDAE,Nacella deaurata,F++,51-55,Chile,,"8,00" 
Water shells,PATELLIDAE,Nacella deaurata aurea,F++,30-35,Chile,,6.00 
Water shells,PATELLIDAE,Nacella deaurata aurea,F++,40-45,Chile,,10.00 
Water shells,PATELLIDAE,Nacella deaurata aurea,F+,50+,Chile,Fresh dead,12.00 
Water shells,PATELLIDAE,Nacella deaurata aurea,F++,38-41,Chile,goldish inside,20.00 
Water shells,PATELLIDAE,Nacella clypeater,F+,25-29,Chile,Nice shells,5.00 
Water shells,PATELLIDAE,Nacella  clypeater,F/F+,30-40,Chile,"very uncommon, uncleaned surface",7.00 
Water shells,PATELLIDAE,Nacella  clypeater,F/F+,41-45,Chile,"very uncommon, uncleaned surface",9.00 
Water shells,PATELLIDAE,Nacella  clypeater,F/F+,46-49,Chile,HUGE; some chipped edge,15.00 
Water shells,PATELLIDAE,Cellana ardioseae,F+,28-30,Juan Fernandez Is.,"minor chipped edge, Uncommon",5.00 
Water shells,PATELLIDAE,Cellana ardioseae,F+,31-35,Juan Fernandez Is.,"minor chipped edge, Uncommon",7.00 
Water shells,PATELLIDAE,Cellana ardioseae,F+,36-39,Juan Fernandez Is.,"minor chipped edge, Uncommon",10.00 
Water shells,PATELLIDAE,Nacella mytilina,F++,43-44,Chile,"Rare, Huges samples","20,00" 
Water shells,PERSONIDAE,Distorsio clathrata,F++,33,USA,"W/O, W/P","15,00" 
Water shells,PHASIANELLIDAE,Eulithidium macleani,F++,"micro, 2mm.",Chile,Rare,"10,00" 
Water shells,PHASIANELLIDAE,Phasianella australis,F++,50-60,Australia,"Minor rough lip, fragile shell, Nice","8,00" 
Water shells,PHASIANELLIDAE,Phasianella australis,F++,65+,Australia,"Minor rough lip, fragile shell, Nice","10,00" 
Water shells,PLANAXIDAE,Planaxis sulcatus,F+,14-16,Japan,some erosion on first whorl,1.00 
Water shells,PLANAXIDAE,Planaxis akuana,F++,10-12,Easter Island,W/P,"1,50" 
Water shells,PLANAXIDAE,Planaxis planicostatus,F++,,Ecuador,,1.50 
Water shells,PLEUROTOMARIIDAE,Bayerotrochus teramachii,F+,110+,China,"Chipped lip, W/O","12,00" 
Water shells,POTAMIDIDAE,Rhinocoryne humboldti,F++,32-35,Peru,,3.00 
Water shells,POTAMIDIDAE,Cerithidea Mazatlanica,F++,,Perú,,"2,00" 
Water shells,PSEUDOMELATOMIDAE,Lioglyphostoma oenoa,F++,5-6,USA,Uncommon,"10,00" 
Water shells,Pyramellidae,Otopleura auriscati,F++,20-22,Philippines,,2.50 
Water shells,RANELLIDAE,Cymatiella verrucosa,F++,13-14,Australia,,"7,00" 
Water shells,RANELLIDAE,Cymatium gutturnium,F++,38,Vietnam,,"4,00" 
Water shells,RANELLIDAE,Argobuccinum ranelliformis,F++,90-97,Chile,"WO, W/P, typical missing protoconch",10.00 
Water shells,RANELLIDAE,Argobuccinum ranelliformis,F++,100-104,Chile,"WO, W/P, typical missing protoconch",15.00 
Water shells,RANELLIDAE,Sassia sexcostata,F++,16-17,Australia,,"7,00" 
Water shells,RANELLIDAE,Cymatium  keenae,F+,115.4,Peru,"Fresh dead, protoconch missing","10,00" 
Water shells,RANELLIDAE,Cymatium  keenae,F+,90-100,Peru,Fresh dead,"10,00" 
Water shells,RANELLIDAE,Cymatium lotorium,F++,82-83,Philppines,,"6,00" 
Water shells,RANELLIDAE,Biplex  perca,F++,70+,China,,"6,00" 
Water shells,RAPHITOMIDAE,Thatcheria  mirabilis,F++,69+,Taiwan,Minor imperfections,"15,00" 
Water shells,RISSOIDAE,Rissoina inca,F++,6-8,Chile,,1.50 
Water shells,RISSOIDAE,Rissoina cf. Achatina,F++,3-4,New Zealand,,5.00 
Water shells,RISSOIDAE,Rissoina turricula  englerti,F++,,Easter Island,,5.00 
Water shells,RISSOIDAE,Zebina tridentata,F++,3-4,Easter Island,,4.00 
Water shells,SIPHONARIIDAE,Siphonaria lessoni,F++,,Chile,,1.00 
Water shells,SIPHONARIIDAE,Siphonaria maura,F++,13-15,Ecuador,,"2,00" 
Water shells,STROMBIDAE,Strombus aratrum,F++,73 ,Australia,,"10,00" 
Water shells,STROMBIDAE,Strombus erythrinus,F++,23,Philippines,,"2,00" 
Water shells,STROMBIDAE,Strombus fragilis,F++,33.5,Philippines,,"5,00" 
Water shells,STROMBIDAE,Strombus listeri,F++,90-99,Thailand,,6.00 
Water shells,STROMBIDAE,Strombus listeri,F++,100+,Thailand,,8.00 
Water shells,STROMBIDAE,Strombus maculatus depauperatus,F++,25-26,Easter Island,,4.00 
Water shells,STROMBIDAE,Strombus aratrum,F++,74-77,China,,"5,00" 
Water shells,TEREBRIDAE,Pristiterebra tuberculosa,F++,31,Ecuador,,"10,00" 
Water shells,TEREBRIDAE,Acuminia Venosa,F++,18-20,Easter Island,Very uncommon now,"8,00" 
Water shells,TEREBRIDAE,Acuminia Venosa,F,,Easter Island,Broken lip,"2,00" 
Water shells,TRIVIIDAE,Erato callosa,F++,4-5,Japan,,"2,00" 
Water shells,TRIVIIDAE,Triviella millardi,F++,,Sud Africa,,"10,00" 
Water shells,TRIVIIDAE,Trivia solandri,F++,18-20,Ecuador,,4.00 
Water shells,TRIMUSCULIDAE,Trimusculus peruvianus,F++,20-23,Chile,"The best samples, without the typical top erosion",4.00 
Water shells,TROCHIDAE,Austrocochlea constricta,F++,18-19,Australia,,"2,00" 
Water shells,TROCHIDAE,Diloma durvillaea,F++,14-15,New Zealand,W/O,"5,00" 
Water shells,TROCHIDAE,Granata imbricata,F++,19-21,Australia,,"2,00" 
Water shells,TROCHIDAE,Clanculus undatus,F++,25-27,Australia,,"4,00" 
Water shells,TURBINIDAE,Astraea haematraga,F++,27-28,Japan,,"7,00" 
Water shells,TURBINIDAE,Bolma modesta,F++,42-43,Japan,W/O,"8,00" 
Water shells,TURBINIDAE,Bolma modesta,F++,47,Japan,,"10,00" 
Water shells,TURBINIDAE,Bolma henica gloriosa,F+,24-26,Japan,"W/O, minor spines damage","6,00" 
Water shells,TURRIDAE,Pleurotomella aguayoi,F+,19,Brasil,,"5,00" 
Water shells,TURRIDAE,Gymnobella agassisi,F+,25,USA,"Fresh dead, trawled at 1208 m.","70,00" 
Water shells,TURRIDAE,Lophiotoma indica,F++,35,Australia,,"4,00" 
Water shells,TURRIDAE,Polystira tellea,F++,45-46,USA,"growth line, W/O","20,00" 
Water shells,TURRIDAE,Clavus unizonalis,F++,18,Fiji,Nice sample,"10,00" 
Water shells,TURRIDAE,Crassispira nigerrima,F++,17-20,Ecuador,Larges,5.00 
Water shells,TURRIDAE,Glyphostoma neglecta,F++,11-13,Ecuador,,5.00 
Water shells,TURRIDAE,Ptychosyrinx chilensis,F+,41-44,Chile,Larges,25.00 
Water shells,TURRIDAE,Ptychosyrinx chilensis,F+,36-39,Chile,,15.00 
Water shells,TURRIDAE,Ptychosyrinx chilensis,F,36-39,Chile,dead collected,5.00 
Water shells,, ,,,,,"10,00" 
Water shells,TURRITELLIDAE,Maoricolpus roseus,F++,50-52,New Zealand,, 
Water shells,TURRITELLIDAE,Turritella cingulata,F+,58,Chile,"W/O, HUGE,","6,00" 
Water shells,TURRITELLIDAE,Turritella cingulata,F+,60.4,Chile,"W/O,  maybe world record size.","20,00" 
Water shells,TURRITELLIDAE,Turritella cingulata,F+,45-48,Chile,,3.00 
Water shells,TURRITELLIDAE,Turritella banksii,F++,19,Ecuador,,"3,00" 
Water shells,VASIDAE,Hystrivasum locklini,F++,65,USA,"Fossil, Pliocene","8,00" 
Water shells,VASIDAE,Hystrivasum locklini,F++,77.5,USA,"Fossil, Pliocene","12,00" 
Water shells,VOLUTIDAE,adelomelon ancilla,F,140+,Chile,trimmed lip,15.00 
Water shells,VOLUTIDAE,alcithoe swainsoni motutarensis,F+,110-112,New Zealand,"Minor scar near columella, chipped canal",30.00 
Water shells,VOLUTIDAE,Amoria exoptanda,F++,97-98,Australia,,30.00 
Water shells,VOLUTIDAE,Amoria guttata,F++,43-44,Australia,,20.00 
Water shells,VOLUTIDAE,Amoria guttata,F++,33-34,Australia,,"15,00" 
Water shells,VOLUTIDAE,Amoria maculata,F++,71-72,Australia,,18.00 
Water shells,VOLUTIDAE,Amoria molleri reducta,F++,50,Australia,minor chipped lip,15.00 
Water shells,VOLUTIDAE,Amoria molleri reducta,F++,47-48,Australia,,10.00 
Water shells,VOLUTIDAE,Amoria zebra,F++,36-37,Australia,Golden form,15.00 
Water shells,VOLUTIDAE,Ampulla priamus,F,60,W. Sahara,Growth lines,15.00 
Water shells,VOLUTIDAE,Ampulla priamus,F,53-54,W. Sahara,Typical growth lines,10.00 
Water shells,VOLUTIDAE,Ampulla priamus,F++,50-51,W. Sahara,very nice sample,20.00 
Water shells,VOLUTIDAE,Cymbiola cymbiola,F+,65,Indonesia,Tiny natural irregularity on lip,40.00 
Water shells,VOLUTIDAE,Cymbiola chrysostoma,F++,53-54,Indonesia,,40.00 
Water shells,VOLUTIDAE,Cymbiola chrysostoma,F++,46-47,Indonesia,,"30,00" 
Water shells,VOLUTIDAE,Cymbiola cymbiola,F++,62-64,Indonesia,,50.00 
Water shells,VOLUTIDAE,Cymbiolacca pulchra houarti,F++,49-50,Australia,tiny chipped lip,15.00 
Water shells,VOLUTIDAE,Cymbiolista hunteri,F++,100-101,Australia,"Tiny growth line, Very nice with some orange colour",20.00 
Water shells,VOLUTIDAE,Cymbium  cucumis,F++,144-145,W. Africa,Tiny rough lip,"20,00" 
Water shells,VOLUTIDAE,Ericusa fulgetrum,F++,125,Australia,Tiny growth lines,45.00 
Water shells,VOLUTIDAE,Ericusa papillosa,F++,121,Australia,,25.00 
Water shells,VOLUTIDAE,Ericusa sericata,F++,85-86,Australia,,15-00 
Water shells,VOLUTIDAE,Ericusa sowerbyi,F++,155-157,Australia,brown dyed because the habitat,35.00 
Water shells,VOLUTIDAE,Fulgoraria hamillei,F++,104,Japan,,18.00 
Water shells,VOLUTIDAE,Fusivoluta clarkei,F+,79,South Africa,minor growth line,10.00 
Water shells,VOLUTIDAE,Fusivoluta clarkei,F+,107,South Africa,"One growth line, minor rough lip",15.00 
Water shells,VOLUTIDAE,Lyria delessertiana,F++,48-49,Madagascar,W/O,10.00 
Water shells,VOLUTIDAE,Lyria kurodai,F++,60,Vietnam,,7.00 
Water shells,VOLUTIDAE,Lyria mitraeformis,F++,51-52,Australia,"W/O, larges",20.00 
Water shells,VOLUTIDAE,Lyria planicostata,F++,46-48,Philippines,,15.00 
Water shells,VOLUTIDAE,Miomelon alarconi,F++,63,Chile,very nice sample,80.00 
Water shells,VOLUTIDAE,Miomelon alarconi,F+,61,Chile,"Nice surface, minor chipped lip",60.00 
Water shells,VOLUTIDAE,Miomelon alarconi,F+,67,Chile,"nice surface, HUGE","100,00" 
Water shells,VOLUTIDAE,Miomelon alarconi,F+,58,Chile,"Nice surface, tiny growth line near outer lip",40.00 
Water shells,VOLUTIDAE,Notovoluta gardneri,F++,82-83,Australia,,30.00 
Water shells,VOLUTIDAE,Notovoluta gardneri,F++,71-77,Australia,Some tiny drill attemps on first whorl,15.00 
Water shells,VOLUTIDAE,Odontocymbiola americana,F++,35-37,Brasil,,10.00 
Water shells,VOLUTIDAE,Provocator  mirabilis,F+,87,New Zealand,"Minor lip problem, ",10.00 
Water shells,VOLUTIDAE,Scaphella  junonia johnstonae,F,102,USA,trimmed lip,20.00 
Water shells,VOLUTIDAE,Scaphella  dubia kieneri,F++,102-103,USA,tiny lip problem,40.00 
Water shells,VOLUTIDAE,Voluta damoni,F++,70-71,Australia,,15.00 
Water shells,VOLUTIDAE,Voluta studeri,F++,40-42,Australia,,8.00 
Water shells,VOLUTIDAE,Voluta studeri,F++,45-46,Australia,,10.00 
Water shells,VOLUTIDAE,Voluta virescens,F++,77-79,Honduras,Larges,50.00 
Water shells,VOLUTIDAE,volutoconus grossi,F++,55-57,Australia,minor trimmed lip,20.00 
Water shells,VOLUTIDAE,Zidona dufresnei affinis,F++,89-90,Argentina,,20.00 
Water shells,XENOPHORIDAE,Xenophora   crispa,f++,42-44,Spain,,"10,00" 
Water shells,XENOPHORIDAE,Xenophora   japonica,F+,30+,Japan,Size without attachment,"6,00" 
Water shells,XENOPHORIDAE,Xenophora   torrida,F+,34,Japan,Size without attachment,"5,00" 
Water shells,ARCIDAE,Barbatia foliata,F++,23-24,Japan,,"2,00" 
Water shells,CHAMIDAE,Arcinella cornuta,F++,28,USA,,"5,00" 
Water shells,CHAMIDAE,Chama pellucida,F+,25-30,Chile,Very good quality for this species only minor erosion on dorsum,7.00 
Water shells,CHAMIDAE,Chama pellucida,F+,31+,Chile,Very good quality for this species only minor erosion on dorsum,10.00 
Water shells,CORBULIDAE,Corbula nasuta,F++,6-7,Ecuador,,"3,00" 
Water shells,CYAMIIDAE,Gaimardia  trapesina,F++,20+,Chile,,2.00 
Water shells,DONACIDAE,Donax mancorensis,F++,15-17,Ecuador,,4.00 
Water shells,DONACIDAE,Donax dentifer,F++,20-22,Ecuador,,2.00 
Water shells,LIMIDAE,Limaria orientalis,F++,17-18,Australia,,"5,00" 
Water shells,LIMOPSIDAE,Limopsis minuta,F++,8-10,Canary Island,,10.00 
Water shells,LIMOPSIDAE,Limopsis ruizana,F++,20-25,Canary Island,Trawled in about 300 m.,6.00 
Water shells,ASTARTIDAE,Astarte sulcata,F,,Italy,"Uncommon, Drilled by depredator.","2,00" 
Water shells,MYTILIDAE,Lithophaga peruviana,F+,46,Chile,Uncommon shell,4.00 
Water shells,MYTILIDAE,Lithophaga peruviana,F+,58-61,Chile,,6.00 
Water shells,MYTILIDAE,Lithophaga peruviana,F+,71,Chile,Huge,10.00 
Water shells,MYTILIDAE,Brachidontes granulata,F++,15-18,Chile,,1.50 
Water shells,MYTILIDAE,Brachidontes granulata,F++,20+,Chile,,2.50 
Water shells,MYTILIDAE,Aulacomya ater,F+,60+,Chile,,3.00 
Water shells,MYTILIDAE,Choromytilus chorus,F+,70+,Chile,,"4,00" 
Water shells,MYTILIDAE,Choromytilus chorus,F+,90+,Chile,,"7,00" 
Water shells,MYTILIDAE,Aulacomya ater,F+,100+,Chile,,"4,00" 
Water shells,PECTINIDAE,Argopecten  ventricosus inca,F++,34-39,Ecuador,,4.00 
Water shells,PECTINIDAE,Argopecten  ventricosus inca,F++,40,Ecuador,Nice orange sample.,15.00 
Water shells,PECTINIDAE,chlamys empressae,F++,16-18,Japan,,7.00 
Water shells,PECTINIDAE,chlamys empressae,F++,20+,Japan,,12.00 
Water shells,PECTINIDAE,Nodipecten nodosus,F++,80-85,Brasil,"Nice red samples, with one depredator hole on the bottom valve.","5,00" 
Water shells,PECTINIDAE,Nodipecten nodosus,F++,118,Brasil,"Nice nodules, large.","30,00" 
Water shells,PECTINIDAE,Pecten purpuratus,F++,70-80,Chile,"Nice, with dark ribs, minor chipped",8.00 
Water shells,PECTINIDAE,Pecten purpuratus,F+,70-75,Chile,"ORANGE form,minor erosion on umbos, Rare colour,",10.00 
Water shells,PECTINIDAE,Pecten purpuratus,F+,75+,Chile,"ORANGE FORM,tiny chipped",15.00 
Water shells,PECTINIDAE,Pecten purpuratus,F++,82,Chile,"ORANGE FORM, Nice sample",20.00 
Water shells,PECTINIDAE,Pecten zacae,F++,15-17,Panama,smooth form,"13,00" 
Water shells,PECTINIDAE,Pecten zacae,F++,12-15,Panama,"Ribed form, rare.","30,00" 
Water shells,PECTINIDAE,Pecten glaber,F++,37-38,Italy,, 
Water shells,PHOLADIDAE,Anchomasa similis,F++,31,New Zealand,,"15,00" 
Water shells,PHOLADIDAE,Pholas chiloensis,F++,70-80,Chile,"Seldon offered, Very uncommon species, minor chipped edge","8,00" 
Water shells,PHOLADIDAE,Pholas chiloensis,F++,81-90,Chile,"Seldon offered, Very uncommon species, minor chipped edge","10,00" 
Water shells,PHOLADIDAE,Pholas chiloensis,F++,91-100,Chile,"Seldon offered, Very uncommon species, minor chipped edge","12,00" 
Water shells,PHOLADIDAE,Pholas chiloensis,F++,101-110,Chile,"Seldon offered, Very uncommon species, minor chipped edge","15,00" 
Water shells,PHOLADIDAE,Pholas chiloensis,F++,111-120,Chile,"Seldon offered, Very uncommon species, minor chipped edge","20,00" 
Water shells,PHOLADIDAE,Pholas chiloensis,F++,121+,Chile,"Seldon offered, Very uncommon species, minor chipped edge","30,00" 
Water shells,SOLECURTIDAE,Tagelus    dombeii,F++,70-80,Chile,,6.00 
Water shells,SOLECURTIDAE,Tagelus    dombeii,F++,85-90,Chile,Huge,10.00 
Water shells,SOLECURTIDAE,Tagelus    dombeii,F++,91+,Chile,Over record size,"20,00" 
Water shells,Tellinidae,Strigilla chroma,F++,14-16,Ecuador,Nice shells,5.00 
Water shells,VENERIDAE,Eurhomalea axhalbida,F+,68-73,,"Tiny chipped, Larges",5.00 
Water shells,VENERIDAE,Eurhomalea exhalbida,F+,75-80,,"Tiny chipped, HUGE",8.00 
LANDSHELLS,ACAVIDAE,Acavus haemastoma,F++,44-45,Sri Lanka,,"7,00" 
LANDSHELLS,AMASTRIDAE,Leptachatina fusca,F++,10.7-10.9,Hawaii,,"7,00" 
LANDSHELLS,ANNULARIIDAE,Annularia auricoma,F++,14-15,Cuba,,"10,00" 
LANDSHELLS,ARIOPHANTIDAE,Kalidos bathiei,F++,18-20,Madagascar,,"8,00" 
LANDSHELLS,BRADYBAENIDAE,Bradybaena fruticum,F++,20-21,Philippines,,"3,00" 
LANDSHELLS,BRADYBAENIDAE,Calocochlia caillaiaudi,F++,24-25,Philippines,,"4,00" 
LANDSHELLS,BRADYBAENIDAE,Calocochlia dayriti dagoboi,F++,25-26,Philippines,Rare,"20,00" 
LANDSHELLS,BRADYBAENIDAE,Calocochlia festiva,F++,48-49,Philippines,Yellow,"6,00" 
LANDSHELLS,BRADYBAENIDAE,Calocochlia siquijorensis,F++,43-44,Philippines,,"5,00" 
LANDSHELLS,BRADYBAENIDAE,Calocochlia zonifera,F++,30-32,Philippines,Light brown,"3,00" 
LANDSHELLS,BRADYBAENIDAE,Calocochlia zonifera,F++,37-38,Philippines,Dark brown,"4,00" 
LANDSHELLS,BRADYBAENIDAE,Camaena trailli,F++,44-45,Philippines,,"7,00" 
LANDSHELLS,BRADYBAENIDAE,Chrysallis  electra,F++,60-62,Philippines,,"10,00" 
LANDSHELLS,BRADYBAENIDAE,Helicostyla pithogaster philippinensis,F++,45-47,Philippines,,"8,00" 
LANDSHELLS,BRADYBAENIDAE,Phoenicobius aratus,F++,40-41,Philippines,,"4,00" 
LANDSHELLS,BRADYBAENIDAE,Pyrochilus pyrostoma,F++,50-53,Indonesia,,"8,00" 
LANDSHELLS,BULIMINIDAE,Subzebrinus ottonis,F++,22,China,,"10,00" 
LANDSHELLS,BULIMINIDAE,Mastus pupa,F++,13-14,Spain,,"1,00" 
LANDSHELLS,CAMAENIDAE,Amphidromus heerianus,F++,48-49,Indonesia,,"5,00" 
LANDSHELLS,CAMAENIDAE,Amphidromus laevus kissuensis,F++,29-30,Indonesia,,"5,00" 
LANDSHELLS,CAMAENIDAE,Amphidromus laevus romaensis,F++,31-32,Indonesia,,"7,00" 
LANDSHELLS,CAMAENIDAE,Amphidromus latestrigatus sumbaensis,F++,36-39,Indonesia,,"8,00" 
LANDSHELLS,CAMAENIDAE,Amphidromus palaceus,F++,44-45,Indonesia,dextral,"4,00" 
LANDSHELLS,CAMAENIDAE,Amphidromus palaceus,F++,45-47,Indonesia,sinistral,"5,00" 
LANDSHELLS,CAMAENIDAE,Amphidromus perversus emaciatus,F++,37-40,Indonesia,,"5,00" 
LANDSHELLS,CAMAENIDAE,Amphidromus reflexilabris,F++,37-40,Indonesia,,"4,00" 
LANDSHELLS,CAMAENIDAE,Camaena mamilla crassiventris,F++,53,Indonesia,,"7,00" 
LANDSHELLS,CAMAENIDAE,Chloritis balantensis,F++,41,Indonesia,,"10,00" 
LANDSHELLS,CAMAENIDAE,Megalacron ambrosia,F++,22,Solomon Island,,"6,00" 
LANDSHELLS,CAMAENIDAE,Obba papilla konawensis,F++,31-32,Indonesia,,"7,00" 
LANDSHELLS,CAMAENIDAE,Papuina bouganvilleana,F++,28-29,Papua New Guinea,,"15,00" 
LANDSHELLS,CAMAENIDAE,Papuina sp.,F++,17-19,Papua New Guinea,,"15,00" 
LANDSHELLS,CAMAENIDAE,Pleurodonte  caracolla,F++,49-50,Puerto Rico,,"15,00" 
LANDSHELLS,CAMAENIDAE,Pleurodonte  excellens,F++,55-56,Dominican Republic,,"10,00" 
LANDSHELLS,CAMAENIDAE,Pleurodonte  marginella semiaperta,F++,29-33,Cuba,,"7,00" 
LANDSHELLS,CAMAENIDAE,Pleurodonte  sagemon exhuberans,F++,34-38,Cuba,,"6,00" 
LANDSHELLS,CAMAENIDAE,Solmopina macfarlanei,F++,20-22,Papua New Guinea,,"15,00" 
LANDSHELLS,CAMAENIDAE,Bentosites etheridgei,F++,33,Australia,,8.00 
LANDSHELLS,CAMAENIDAE,Cristilabrum kessneri,F++,12,Australia,,"20,00" 
LANDSHELLS,CAMAENIDAE,Basedowena oligopleura,F++,12.3,Australia,Juvenile,"4,00" 
LANDSHELLS,CAMAENIDAE,Basedowena oligopleura,F++,16,Australia,,"8,00" 
LANDSHELLS,CAMAENIDAE,Mouldingia orientalis,F++,10,Australia,,"15,00" 
LANDSHELLS,CAMAENIDAE,Amplirhagada varia varia,F++,14-15,Australia,,"5,00" 
LANDSHELLS,CAMAENIDAE,Ordtrachia intermedia,F++,8.4,Australia,,"7,00" 
LANDSHELLS,CAMAENIDAE,Amplirhagada napierana,F++,20,Australia,,"10,00" 
LANDSHELLS,CAMAENIDAE,Carinotrachia carsoniana,F++,15-18,Australia,,"10,00" 
LANDSHELLS,CAMAENIDAE,Mesodontrachia fitzroyana,F++,19,Australia,,"7,00" 
LANDSHELLS,CAMAENIDAE,Amplirhagada imitata,F++,21,Australia,,"10,00" 
LANDSHELLS,CAMAENIDAE,Granulomelon adcockiana,F++,15-16,Australia,,"15,00" 
LANDSHELLS,CAMAENIDAE,Ningbingia bulla,F++,17+,Australia,,"15,00" 
LANDSHELLS,CAMAENIDAE,Pancala bacca,F++,21-22,Taiwan,Uncommon,"15,00" 
LANDSHELLS,CHAROPIDAE,Cavellia buccinella,F++,2+,New Zealand,,"10,00" 
LANDSHELLS,CHAROPIDAE,Cavellia mutabilis,F++,2.4+,New Zealand,,"10,00" 
LANDSHELLS,CHAROPIDAE,Charopa coma,F++,4+,New Zealand,,"10,00" 
LANDSHELLS,CHAROPIDAE,Radiodiscus andium,F++,1-2,Peru,,"10,00" 
LANDSHELLS,CHAROPIDAE,Cavellia tapirina,F++,3.5-4,New Zealand,,"10,00" 
LANDSHELLS,CHAROPIDAE,Suteria ide,F++,4.5,New Zealand,,"8,00" 
LANDSHELLS,CHAROPIDAE,Suteria ide,F++,6+,New Zealand,,"10,00" 
LANDSHELLS,CHAROPIDAE,Phenacharopa novoseelandica,F++,4.4,New Zealand,, 
LANDSHELLS,CHAROPIDAE,Theraxia thaisa,F++,8-9,New Zealand,,"8,00" 
LANDSHELLS,CHAROPIDAE,Thalassohelix igniflua,F++,5.3+,New Zealand,,"6,00" 
LANDSHELLS,CHAROPIDAE,Phacussa fulminata,F++,6+,New Zealand,,"10,00" 
LANDSHELLS,CHONDRINIDAE,Chondrina avenacea,F++,6-6.5,Germany,,1.5 
LANDSHELLS,CHONDRINIDAE,Granaria frumentum,F++,6-6.5,Germany,,"4,00" 
LANDSHELLS,CLAUSILIIDAE,Albinaria contaminata incomoda,F++,10-13,Greece,,"2,00" 
LANDSHELLS,CLAUSILIIDAE,Andinia flammulata,F+,18-20,Peru,,"10,00" 
LANDSHELLS,CLAUSILIIDAE,Andinia taczanowski,F+,20-22,Peru,,"8,00" 
LANDSHELLS,CLAUSILIIDAE,Andinia flammulata unicolor,F+,11-13,Peru,Fresh dead,"15,00" 
LANDSHELLS,CLAUSILIIDAE,Andiniella sztolcmani,F++,14-17,Peru,,"10,00" 
LANDSHELLS,CLAUSILIIDAE,Bequaertinenia bequaerti,F++,12-14,Peru,,"10,00" 
LANDSHELLS,CLAUSILIIDAE,Brevinenia richardsi,F++,,Peru,,"10,00" 
LANDSHELLS,CLAUSILIIDAE,Columbinia  haasi,F+,21-24,Peru,uncommon,15.00 
LANDSHELLS,CLAUSILIIDAE,Columbinia  haasi,F+,26-28,Peru,Huge,20.00 
LANDSHELLS,CLAUSILIIDAE,Cyclonenia gibber,F++,19-20,Peru,,"10,00" 
LANDSHELLS,CLAUSILIIDAE,Cylindronenia cicatricosa leymebambensis,F+,18-20,Peru,decollated,5.00 
LANDSHELLS,CLAUSILIIDAE,Cylindronenia pangamitoensis pongoensis,F++,20-22,Peru,,15.00 
LANDSHELLS,CLAUSILIIDAE,Delima hiltrudis,F++,14-14.5,Croatia,,"5,00" 
LANDSHELLS,CLAUSILIIDAE,Ehrmaniella  quadrata ,F+,17-20,Peru,,"7,00" 
LANDSHELLS,CLAUSILIIDAE,Ehrmaniella  boettgeri,F++,20-22,Peru,"few samples only, from typical locality",20.00 
LANDSHELLS,CLAUSILIIDAE,Ehrmaniella  boettgeri,F++,24-25,Peru,"Larges, from Vilcabamba","18,00" 
LANDSHELLS,CLAUSILIIDAE,"Ehrmaniella  cf, quadrata",F++,18-20,Peru,From Palcamayo,"10,00" 
LANDSHELLS,CLAUSILIIDAE,Hemicena cerrateae,F++,20-23,Peru,"Seldom offered, only 4 ","40,00" 
LANDSHELLS,CLAUSILIIDAE,Incaglaia huanucensis,F+,8 - 10.,Peru,dwarf form,6.00 
LANDSHELLS,CLAUSILIIDAE,Incaglaia huanucensis huanucensis,F++,,Peru,,7.00 
LANDSHELLS,CLAUSILIIDAE,Parabalea  gibbosula grisea,F++,11-13,Peru,,"20,00" 
LANDSHELLS,CLAUSILIIDAE,Phaedusa sheridani shihi,F++,14-15,Taiwan,,"7,00" 
LANDSHELLS,CLAUSILIIDAE,Phaedusa corticina,F++,22-23,Indonesia,,"2,00" 
LANDSHELLS,CLAUSILIIDAE,Steeriana sorormajor,F++,17-19,Peru,,"12,00" 
LANDSHELLS,CLAUSILIIDAE,Steeriana cajamarcana sororminor,F++,10-12,Peru,,"15,00" 
LANDSHELLS,CLAUSILIIDAE,Steeriana cajamarcana cajamarcana,F++,10-11,Peru,,"10,00" 
LANDSHELLS,CLAUSILIIDAE,Stereophaedusa tryoni miyakejimana,F++,13-15,Japan,,"7,00" 
LANDSHELLS,CLAUSILIIDAE,Stereophaedusa japonica,F++,29,Japan,,"5,00" 
LANDSHELLS,CLAUSILIIDAE,Temesa albocostata,F++,11-12,Peru,,"15,00" 
LANDSHELLS,CLAUSILIIDAE,Temesa incarum,F++,14-15,Peru,,15.00 
LANDSHELLS,CLAUSILIIDAE,Temesa incarum,F++,14,Peru,juvenile,7.00 
LANDSHELLS,CLAUSILIIDAE,Temesa incarum,F,13,Peru,Dead collected,5.00 
LANDSHELLS,CLAUSILIIDAE,Temesa omissa,F+,11-17.,Peru,Fresh dead,"10,00" 
LANDSHELLS,CLAUSILIIDAE,Temesa parcecostata,F+,10-12,Peru,From Huasqui,"15,00" 
LANDSHELLS,CLAUSILIIDAE,Temesa bicolor,F++,10-12,Peru,,30.00 
LANDSHELLS,CLAUSILIIDAE,Temesa pilsbryi perfectecostata,F++,10-11,Peru,Seldom offered,"35,00" 
LANDSHELLS,CLAUSILIIDAE,Zilchiella  grandiportus,F++,20-21,Peru," typical decollated, Minor chipped lip",10.00 
LANDSHELLS,CLAUSILIIDAE,Clausilia parvula,F++,7.5-8,France,,1.50 
LANDSHELLS,CLAUSILIIDAE,Formosana swinhoei,F++,29-32,Taiwan,Larges,"10,00" 
LANDSHELLS,CLAUSILIIDAE,Zaptyx yaeyamensis,F++,9-10,Japan,,"6,00" 
LANDSHELLS,CLAVATORIDAE,Clavator grandidieri,F++,82-84,Madagascar,,"8,00" 
LANDSHELLS,COCHLICELLIDAE,Cochlicella acuta,F++,13+,Belgium,,1.50 
LANDSHELLS,COCHLICELLIDAE,Cochlicella acuta,F++,10-11,Spain,,1.50 
LANDSHELLS,COCHLICELLIDAE,Monilearia tubaeformis,F++,3.6-4,Canary Island,,6.00 
LANDSHELLS,COCHLICELLIDAE,Cochlicella barbara,F++,6.6-8,Spain,,"1,00" 
LANDSHELLS,COCHLICELLIDAE,Obelus moderatus,F++,6-7,Canary Island,,"5,00" 
LANDSHELLS,COCHLICELLIDAE,Obelus despreauxii,F++,7+,Canary Island,,"5,00" 
LANDSHELLS,COCHLICELLIDAE,Obelus moratus,F++,7+,Canary Island,,"10,00" 
LANDSHELLS,COCHLICELLIDAE,Obelus discogranulatus,F++,8.7-9,Canary Island,,"10,00" 
LANDSHELLS,COCHLICELLIDAE,Obelus mirandae,F++,6-6.8,Canary Island,,"8,00" 
LANDSHELLS,COCHLICELLIDAE,Monilearia mutipunctata,F++,3+,Canary Island,,"8,00" 
LANDSHELLS,COCHLICELLIDAE,Monilearia tumulorum,F++,10-11,Canary Island,,"4,00" 
LANDSHELLS,COCHLICELLIDAE,Monilearia monilifera,F++,6.5,Canary Island,,"4,00" 
LANDSHELLS,COCHLICELLIDAE,Monilearia montigena,F++,8.5,Canary Island,,"6,00" 
LANDSHELLS,COCHLICOPIDAE,Cochlicopa lubrica,F++,5-6,Germany,,1.50 
LANDSHELLS,CYCLOPHORIDAE,Crossopoma  cornuvenatorium,F++,37-39,Indonesia,larges,10.00 
LANDSHELLS,CYCLOPHORIDAE,Cyclophorus borneensis,F++,38-40,Indonesia,,6.00 
LANDSHELLS,CYCLOPHORIDAE,Cyclophorus fasciatus,F++,21-23,Indonesia,,3.5 
LANDSHELLS,CYCLOPHORIDAE,Cyclophorus linguiferus,F++,34-35,Philippines,,"3,00" 
LANDSHELLS,CYCLOPHORIDAE,Cyclophorus moellendorffi,F++,23-24,Taiwan,W/O,5.00 
LANDSHELLS,CYCLOPHORIDAE,Cyclophorus perdix,F++,31-32,Indonesia,,4.00 
LANDSHELLS,CYCLOPHORIDAE,Cyclophorus rafflesi,F++,46-47,Indonesia,,6.00 
LANDSHELLS,CYCLOPHORIDAE,Cyclophorus reevei,F++,14-15,Philippines,,"4,00" 
LANDSHELLS,CYCLOPHORIDAE,Cyclophorus sowerbyi,F++,8-9,Philippines,,1.5 
LANDSHELLS,CYCLOPHORIDAE,Cyclotus cf. Perezi,F+,21-24,Ecuador,W/O,"20,00" 
LANDSHELLS,CYCLOPHORIDAE,Cyclotus cf.perezi,F+,25-27,Ecuador,W/O,"25,00" 
LANDSHELLS,CYCLOPHORIDAE,Theobaldius dautzenbergi,F++,21-22,Indonesia,,4.00 
LANDSHELLS,DIPLOMMATINIDAE,Alycaeus somnueki (White),F++,12-13,Thailand,W/O,"8,00" 
LANDSHELLS,DIPLOMMATINIDAE,Alycaeus somnueki (yellow),F++,12-13,Thailand,W/O,"8,00" 
LANDSHELLS,DIPLOMMATINIDAE,Alycaeus somnueki (orange),F++,11+,Thailand,W/O,15.00 
LANDSHELLS,DIPLOMMATINIDAE,Diplommatina shikokuensis,F++,3-4,Japan,,"6,00" 
LANDSHELLS,DIPLOMMATINIDAE,Cochlostoma septemspirale,F++,7-7.5,Germany,,2.5 
LANDSHELLS,DIPLOMMATINIDAE,Diplommatina yonakunijimana,F++,5,Japan,,"6,00" 
LANDSHELLS,, ,,,,,"7,00" 
LANDSHELLS,DYAKIIDAE,Asperitas melanoraphe,F++,30,Indonesia,, 
LANDSHELLS,ELLOBIIDAE,Pythia scarabaeus,F++,20.4,Papua New Guinea,,"4,00" 
LANDSHELLS,ELLOBIIDAE,Pythia scarabaeus,F+,16,Papua New Guinea,"Slightly juvenile, minor chipped lip","2,00" 
LANDSHELLS,ENIDAE,Napaeus obesatus,F++,18+,Canary Island,,"7,00" 
LANDSHELLS,ENIDAE,Napaeus moquinianus,F++,13.7+,Canary Island,,"7,00" 
LANDSHELLS,ENIDAE,Subzebrinus subflammulatus,F++,10+,Kazakhstan,Uncommon,"10,00" 
LANDSHELLS,FERUSSACIIDAE,Amphorella melampoides,F++,10,Madeira,,"5,00" 
LANDSHELLS,FERUSSACIIDAE,Cecilioides acicula,F++,3-4,France,,1.50 
LANDSHELLS,FERUSSACIIDAE,Ferussacia folliculus,F++,8-9,Spain,,0.50 
LANDSHELLS,FERUSSACIIDAE,sculptiferussacia clausiliaeformis,F++,10,Canary Island,RARE,"18,00" 
LANDSHELLS,HELICARIONIDAE,Westracystis lissus,F++,4-5,Australia,,3.00 
LANDSHELLS,HELICARIONIDAE,Dendotrochus  helicinoides,F++,12-14,Solomon Island,,"8,00" 
LANDSHELLS,HELICARIONIDAE,Xesta  luctuosa butonensis,F++,36-37,Indonesia,,"7,00" 
LANDSHELLS,HELICELLIDAE,Xerotrichia apicina,F++,4-6,Spain,,"1,00" 
LANDSHELLS,HELICELLIDAE,Cernuella virgata,F++,10-11,Spain,,"1,00" 
LANDSHELLS,HELICELLIDAE,Pseudotachea splendida,F++,15.6-17,Spain,,1.50 
LANDSHELLS,HELICIDAE,Theba geminata,F++,14-17,Canary Island,,"3,00" 
LANDSHELLS,HELICIDAE,Theba pisana,F++,15-17,Spain,,2x$1 
LANDSHELLS,HELICIDAE,Murella muralis,F++,15-17,Italy,,"3,00" 
LANDSHELLS,HELICIDAE,Atlasica  tildiana,F++,19-20,Morocco,,"3,00" 
LANDSHELLS,HELICIDAE,Arianta arbustorum,F++,18-19,Swiss,,"2,00" 
LANDSHELLS,HELICIDAE,Isognomostoma Isognomostoma,F++,9-10,Slovakia,,"2,00" 
LANDSHELLS,HELICIDAE,Hemicycla psathyra temperata,F++,28,Canary Island,,"7,00" 
LANDSHELLS,HELICIDAE,Hemicycla psathyra ,F++,21,Canary Island,,"6,00" 
LANDSHELLS,HELICIDAE,Theba pisana arietina,F++,13-14,Spain,,"2,00" 
LANDSHELLS,HELICIDAE,Iberus marmoratus,F++,17-18,Spain,,"2,00" 
LANDSHELLS,HELICIDAE,Hemicycla quadricincta subaucta,F++,16-17,Canary Island,,"10,00" 
LANDSHELLS,HELICIDAE,Otala lactea lactea,F++,23.5-26,Spain,,"2,00" 
LANDSHELLS,HELICIDAE,Otala punctata,F++,33-34,Spain,,"2,00" 
LANDSHELLS,HELICIDAE,Xerotrichia arguineguinensis,F++,8+,Canary Island,Rare,"10,00" 
LANDSHELLS,HELICIDAE,Geomitra  delphinula,F+,17,Madeira Isl.,Subfossil,"6,00" 
LANDSHELLS,HELICIDAE,Helicigona faustina,F++,19+,Slovaquia,,"5,00" 
LANDSHELLS,HELICINIDAE,Helicina arenicola,F++,6+,Mexico,Uncommon,"10,00" 
LANDSHELLS,HELMINTHOGLYPTIDAE,Epiphragmophora cerrateae,F++,28,Peru,"Very RARE, nice sample","45,00" 
LANDSHELLS,HELMINTHOGLYPTIDAE,Epiphragmophora cerrateae,F+,28.2,Peru,"Juvenile, chipped lip. VERY RARE, fresh dead","15,00" 
LANDSHELLS,HELMINTHOGLYPTIDAE,Epiphragmophora cf. Haasi,F++,23-26,Peru,,20.00 
LANDSHELLS,HELMINTHOGLYPTIDAE,Epiphragmophora cf. Haasi,F,27.7,Peru,"Fresh dead, with two small hole, good colour",6.00 
LANDSHELLS,HELMINTHOGLYPTIDAE,Epiphragmophora cf. Haasi,F,23,Peru,broken lip,7.00 
LANDSHELLS,HELMINTHOGLYPTIDAE,Epiphragmophora clausomphalus,F++,30-31,Peru,,20.00 
LANDSHELLS,HELMINTHOGLYPTIDAE,Epiphragmophora clausomphalus,F++,28.6,Peru,"Juvenile, chipped lip. VERY RARE, fresh dead","10,00" 
LANDSHELLS,HELMINTHOGLYPTIDAE,Epiphragmophora clausomphalus,F+,28.5,Peru,Dead collected,"5,00" 
LANDSHELLS,HELMINTHOGLYPTIDAE,Epiphragmophora Sp.1,F++,25-26,Peru,"From Celendin, Rare, ",20.00 
LANDSHELLS,HELMINTHOGLYPTIDAE,Epiphragmophora sp2,F++,22-23,Peru,,15.00 
LANDSHELLS,HELMINTHOGLYPTIDAE,Epiphragmophora sp3,F++,27-29,Peru,"Dark brown, From San Pedro de Cajas, very rare","35,00" 
LANDSHELLS,HELMINTHOGLYPTIDAE,Epiphragmophora sp4,F+,25.6,Peru,"Juvenile, chipped lip. VERY RARE, fresh dead","10,00" 
LANDSHELLS,HELMINTHOGLYPTIDAE,Epiphragmophora sp4,F++,26.3,Peru,,"30,00" 
LANDSHELLS,HELMINTHOGLYPTIDAE,Xerarionta kelletii,F++,20-21,USA,,"4,00" 
LANDSHELLS,HELMINTHOGLYPTIDAE,Epiphragmophora incarum,F+,21+,Peru,"Juvenile, chipped lip. VERY RARE","10,00" 
LANDSHELLS,HYDROCENIDAE,Georissa purchasi,F++,1.5+,New Zealand,,"8,00" 
LANDSHELLS,HYDROCENIDAE,Limbrorelia exquisita,F+,6-7,Lord Howe Island,,7.00 
LANDSHELLS,HYGROMIIDAE,Discula bulweri,F++,10-11,Madeira,,"6,00" 
LANDSHELLS,HYGROMIIDAE,Leptaxis undata,F++,18-20,Madeira,,"5,00" 
LANDSHELLS,HYGROMIIDAE,Candidula gigaxii,F++,9-10,Spain,,"2,00" 
LANDSHELLS,HYGROMIIDAE,Trochoida elegans,F++,8+,Spain,,"2,00" 
LANDSHELLS,HYGROMIIDAE,Monacha cartusiana,F++,15-16,Spain,,"2,00" 
LANDSHELLS,HYGROMIIDAE,Canariella eutropis,F++,15+,Canary Island,,"5,00" 
LANDSHELLS,HYGROMIIDAE,Canariella pontelirae,F++,10.7-11,Canary Island,,"7,00" 
LANDSHELLS,HYGROMIIDAE,Leptaxis undata,F++,20-21,Madeira,,"4,00" 
LANDSHELLS,MEGALOBULIMIDAE,Megalobulimus ovatus,F++,105-110,Brasil,,"15,00" 
LANDSHELLS,MEGALOBULIMIDAE,Megalobulimus cf. Conicus,F,79,Brasil,first whorl missing,"4,00" 
LANDSHELLS,MEGALOBULIMIDAE,Megalobulimus lichtensteini,F++,70-80,Peru,,"10,00" 
LANDSHELLS,MEGALOMASTOMIDAE,Farcimen superbum superbum,F++,25+,Cuba,,"8,00" 
LANDSHELLS,ODONTOSTOMIDAE,Spixia philippi,F++,20-22,Argentina,,"8,00" 
LANDSHELLS,ODONTOSTOMIDAE,Tomigerus pilsbryi,F+,13.8,Brasil,Fresh dead,"4,00" 
LANDSHELLS,ODONTOSTOMIDAE,Anctus laminiferus,F++,,Brasil,,8.00 
LANDSHELLS,ODONTOSTOMIDAE,Anostoma octodentatum,F+,35-36,Brasil,Fresh dead,10.00 
LANDSHELLS,ODONTOSTOMIDAE,Spixia spixii,F++,24-25,Argentina,,"5,00" 
LANDSHELLS,ODONTOSTOMIDAE,Plagiodontes daedaleus,F++,24-25,Argentina,,"5,00" 
LANDSHELLS,ORTHALICIDAE,Bilamelliferus tscudii,F++,7-8.,Peru,,3.00 
LANDSHELLS,ORTHALICIDAE,Bostryx (Pseudoperanaeus) bermudezae,F++,20+,Peru,,6.00 
LANDSHELLS,ORTHALICIDAE,Bostryx ceroplasta,F++,16-18,Peru,,"7,00" 
LANDSHELLS,ORTHALICIDAE,Bostryx (Pseudoperanaeus) cylindricus,F+,,Peru,"fresh dead, Very rare, only 1","10,00" 
LANDSHELLS,ORTHALICIDAE,Bostryx cf. arcuatus,F++,15-18,Peru,Nice shell,12.00  
LANDSHELLS,ORTHALICIDAE,Bostryx Cf. Agueroi,F++,17-20,Peru,,8.00 
LANDSHELLS,ORTHALICIDAE,Bostryx chagualensis,F++,10-12.,Peru,,"4,00" 
LANDSHELLS,ORTHALICIDAE,Bpstryx conspersus,F++,17-18,Peru,,"6,00" 
LANDSHELLS,ORTHALICIDAE,Bostryx edmundi,F++,21-24,Peru,"Rare, Ribbed form","20,00" 
LANDSHELLS,ORTHALICIDAE,Bostryx eremothauma,F++,8-10,Chile,"fresh dead, never live collected, top quality, Nice species","8,00" 
LANDSHELLS,ORTHALICIDAE,Bostryx eremothauma,F++,9-10,Chile,"Long last whorl, only 1","35,00" 
LANDSHELLS,ORTHALICIDAE,Bostryx eremothauma,F++,14 mm.,Chile,Huge,20.00 
LANDSHELLS,ORTHALICIDAE,Bostryx erythrostoma,F,12-15.,Chile,dead collected,1.00 
LANDSHELLS,ORTHALICIDAE,Bostryx haasi haasi,F++,16-18,Peru,,7.00 
LANDSHELLS,ORTHALICIDAE,Bostryx haasi minor,F+,10-12.,Peru,,"4,00" 
LANDSHELLS,ORTHALICIDAE,Bostryx huanucensis,F++,18-20,Peru,,5.00 
LANDSHELLS,ORTHALICIDAE,Bostryx huarazensis,F++,14-17,Peru,,5.00 
LANDSHELLS,ORTHALICIDAE,Bostryx holostoma,F++,8-10,Chile,"Like fresh dead, Extinct species, Nice sculpture","10,00" 
LANDSHELLS,ORTHALICIDAE,Bostryx ignobilis,F++,16-20,Peru,,4.00 
LANDSHELLS,ORTHALICIDAE,Bostryx ignobilis,F++,21+,Peru,,6.00 
LANDSHELLS,ORTHALICIDAE,Bostryx laurenti,F++,23-24,Peru,"Uncommon, only 1","20,00" 
LANDSHELLS,ORTHALICIDAE,Bostryx leucostictus,F++,7-9,Chile,"Fresh dead, Rare, maybe extinct.",7.00 
LANDSHELLS,ORTHALICIDAE,Bostryx (Pseudoperanaeus) lizarasoae,F++,,Peru,Uncommon,"10,00" 
LANDSHELLS,ORTHALICIDAE,Bostryx imeldae costifer,F++,7-8.,Peru,"uncoiled species, very nice",20.00 
LANDSHELLS,ORTHALICIDAE,Bostryx inaquosum,F++,10-12,Chile,"Fresh dead, May be extinct",5.00 
LANDSHELLS,ORTHALICIDAE,Bostryx megomphalus,F++,13-16,Peru,,8.00 
LANDSHELLS,ORTHALICIDAE,Bostryx modestus angelmacdonaldoi,F++,15-17,Peru,,4.00 
LANDSHELLS,ORTHALICIDAE,Bostryx obliquiportus,F++,18.6,Peru,,"20,00" 
LANDSHELLS,ORTHALICIDAE,Bostryx peruvianus,F++,16-19,Peru,,5.00 
LANDSHELLS,ORTHALICIDAE,Bostryx pictus,F++,15-17,Peru,,3.00 
LANDSHELLS,ORTHALICIDAE,Bostryx primigenius,F++,7-9,Peru,Uncommon,"10,00" 
LANDSHELLS,ORTHALICIDAE,Bostryx planissimus,F++,14-15,Peru,"Nice shell, Only 1",35.00 
LANDSHELLS,ORTHALICIDAE,Bostryx planissimus,F+,15-16,Peru,"Tiny hole near umbilico, Only 1",20.00 
LANDSHELLS,ORTHALICIDAE,Bostryx pruinosus,F++,14-15,Chile,,7.00 
LANDSHELLS,ORTHALICIDAE,Bostryx pumilio,F++,10-12.,Chile,"Fresh dead, May be extinct","3,00" 
LANDSHELLS,ORTHALICIDAE,Bostryx pygmaeus costatus,F++,6-8.,Peru,"Last whorl uncoiled species, very nice",20.00 
LANDSHELLS,ORTHALICIDAE,Bostryx pygmaeus costatus,F++,5-7.,Peru,normal form,5.00 
LANDSHELLS,ORTHALICIDAE,Bostryx rodriguezae,F++,23-24,Peru,,"10,00" 
LANDSHELLS,ORTHALICIDAE,Bostryx scabiosus,F++,13-15,Chile,Fresh dead,3.00 
LANDSHELLS,ORTHALICIDAE,Bostryx solutus,F++,8-10.,Peru,"Last whorl uncoiled species, very nice","10,00" 
LANDSHELLS,ORTHALICIDAE,Bostryx sp.34,F++,17-20,Peru,"From Churin, pattern like B. Peruvianus",4.00 
LANDSHELLS,ORTHALICIDAE,Bostryx sp.41,F++,,Peru,"elongated, From Tarmatambo",5.00 
LANDSHELLS,ORTHALICIDAE,Bostryx sp.41,F++,12-13,Peru,"elongated, From Tarmatambo",3.00 
LANDSHELLS,ORTHALICIDAE,Bostryx sp.50,F++,16-19,Peru,From Acolla,5.00 
LANDSHELLS,ORTHALICIDAE,Bostryx  sp11,F++,18-20,Peru,"From La Union, Large",4.00 
LANDSHELLS,ORTHALICIDAE,Bostryx  sp11,F++,13-17,Peru,,3.00 
LANDSHELLS,ORTHALICIDAE,Bostryx  sp41,F++,21-22,Peru,"elongated, From Tarmatambo",5.00 
LANDSHELLS,ORTHALICIDAE,Bostryx sp.51,F++,25-28,Peru,"Nice large bostryx, From Huaraz",10.00 
LANDSHELLS,ORTHALICIDAE,Bostryx Sp.52,F++,20-21,Peru,From Chavin.,5.00 
LANDSHELLS,ORTHALICIDAE,Bostryx sp.54,F++,20+,Peru,"From Pacarenga, white","7,00" 
LANDSHELLS,ORTHALICIDAE,Bostryx sp.54,F++,20+,Peru,"From Pacarenga,Brown longitudinal lines","5,00" 
LANDSHELLS,ORTHALICIDAE,Bostryx sp.54,F++,20+,Peru,"From Pacarenga,Brown radial lines","6,00" 
LANDSHELLS,ORTHALICIDAE,Bostryx sp56,F++,7-9,Peru,"From San Pedro de Cajas, fresh dead","10,00" 
LANDSHELLS,ORTHALICIDAE,Bostryx sp.60 (new species),F++,7-8,Chile,,"15,00" 
LANDSHELLS,ORTHALICIDAE,Bostryx superbus,F++,25-28,Peru,Variable pattern,"15,00" 
LANDSHELLS,ORTHALICIDAE,Bostryx  superbus,F++,30+,Peru,,"20,00" 
LANDSHELLS,ORTHALICIDAE,Bostryx  tumidulus,F++,17-20,Peru,Light brown ,4.00 
LANDSHELLS,ORTHALICIDAE,Bostryx  tumidulus,F++,17-20,Peru,Radial lines on last whorl,4.00 
LANDSHELLS,ORTHALICIDAE,Bostryx turritus,F++,20+,Peru,,4.00 
LANDSHELLS,ORTHALICIDAE,Bostryx  voithianus,F++,15-18,Chile,"very rare, ","10,00" 
LANDSHELLS,ORTHALICIDAE,Bostryx  williamsi,F++,20-25,Peru,uncommon,7.00 
LANDSHELLS,ORTHALICIDAE,Bostryx  williamsi,F++,27-30,Peru,"Very large, apex missing",10.00 
LANDSHELLS,ORTHALICIDAE,Bothriembryon barretti,F++,23-24,Australia,,4.00 
LANDSHELLS,ORTHALICIDAE,Bothriembryon dux,F++,47-50,Australia,Larges,7.00 
LANDSHELLS,ORTHALICIDAE,Bothriembryon jacksoni,F++,19-20,Australia,,4.00 
LANDSHELLS,ORTHALICIDAE,Bothriembryon kingii,F++,19-20,Australia,,4.00 
LANDSHELLS,ORTHALICIDAE,Bothriembryon leeuwinensis,F++,23-24,Australia,,3.00 
LANDSHELLS,ORTHALICIDAE,Bothriembryon mastersi,F++,13-15,Australia,,5.00 
LANDSHELLS,ORTHALICIDAE,Bothriembryon melo,F++,23-24,Australia,,5.00 
LANDSHELLS,ORTHALICIDAE,Bulimulus irregularis,F++,20-25,Ecuador,,5.00 
LANDSHELLS,ORTHALICIDAE,Bulimulus quitensis,F++,20-25,Ecuador,,2.00 
LANDSHELLS,ORTHALICIDAE,Bulimulus guadalupensis,F++,14-15,Puerto Rico,,"3,00" 
LANDSHELLS,ORTHALICIDAE,Bulimulus sporadicus,F++,21-22,Paraguay,"Uncommon locality, larges","15,00" 
LANDSHELLS,ORTHALICIDAE,Drymaeus acobambensis,F++,28-31,Peru,,10.00 
LANDSHELLS,ORTHALICIDAE,Drymaeus cf.acobambensis,F++,30+,Peru,,"10,00" 
LANDSHELLS,ORTHALICIDAE,Drymaeus celendinensis,F++,30-33,Peru,Rare,"20,00" 
LANDSHELLS,ORTHALICIDAE,Drymaeus cf. punctatus,F++,20-24,Peru,,"10,00" 
LANDSHELLS,ORTHALICIDAE,Drymaeus cf.punctatus,F++,30,Peru,One scar,"7,00" 
LANDSHELLS,ORTHALICIDAE,Drymaeus cf.punctatus,F++,28-29,Peru,,"15,00" 
LANDSHELLS,ORTHALICIDAE,Drymaeus mexicanus primularis,F++,26-27,Peru,"Larges, brown & white radial bands in all the shell","10,00" 
LANDSHELLS,ORTHALICIDAE,Drymaeus mexicanus primularis,F++,30+,Peru,"White shells with some radial bands on the last whorl, Huges samples","15,00" 
LANDSHELLS,ORTHALICIDAE,Drymaeus mexicanus primularis,F++,23-24,Peru,"brown and white bands, two yellow bands on last whorl.","8,00" 
LANDSHELLS,ORTHALICIDAE,Drymaeus sp.2,F++,35,Peru,"Typical missing protoconch, rare and nice","35,00" 
LANDSHELLS,ORTHALICIDAE,Drymaeus sp.2,F++,27.8,Peru,"Juvenile with protoconch, Rare and nice","25,00" 
LANDSHELLS,ORTHALICIDAE,Drymaeus sp.41,F++,20,Peru,"Juvenile, Very nice species, from Leymebamba","10,00" 
LANDSHELLS,ORTHALICIDAE,Drymaeus sp4,F++,22-23,Peru,,"15,00" 
LANDSHELLS,ORTHALICIDAE,Drymaeus sp.4,F++,25,Peru,,"25,00" 
LANDSHELLS,ORTHALICIDAE,Drymaeus sp4,F++,28.6,Peru,Large,"35,00" 
LANDSHELLS,ORTHALICIDAE,Drymaeus vexillum,F+,27-30,Peru,banded on last whorl,4.00 
LANDSHELLS,ORTHALICIDAE,Drymaeus vexillum,F++,30-33,Peru,cream,10.00 
LANDSHELLS,ORTHALICIDAE,Drymaeus vexillum ,F++,30-32,Peru,Nice shells with radial lines on all the shell,8.00 
LANDSHELLS,ORTHALICIDAE,Drymaeus vexillum morbidus,F++,27-31,Peru,Orange,8.00 
LANDSHELLS,ORTHALICIDAE,Drymaeus  vexillum  tigris,F++,27-30,Peru,,4.00 
LANDSHELLS,ORTHALICIDAE,Drymaeus c. laxostilus,F++,,,, 
LANDSHELLS,ORTHALICIDAE,Llaucanianus haasi,F++,30-33,Peru,,"12,00" 
LANDSHELLS,ORTHALICIDAE,Llaucanianus haasi,F++,25-28,Peru,,"10,00" 
LANDSHELLS,ORTHALICIDAE,Naesiotus  cerrateae,F++,9-10,Peru,Uncommon,"10,00" 
LANDSHELLS,ORTHALICIDAE,Naesiotus  cerrateae,F++,11-12,Peru,Uncommon,"15,00" 
LANDSHELLS,ORTHALICIDAE,Naesiotus  fernandezae,F++,10-12.,Peru,,"7,00" 
LANDSHELLS,ORTHALICIDAE,Naesiotus  subcostatus chamayensis ,F++,11-12,Peru,,"10,00" 
LANDSHELLS,ORTHALICIDAE,Naesiotus  sp1,F++,10-13.,Peru,From Huasqui,4.00 
LANDSHELLS,ORTHALICIDAE,Naesiotus  sp2,F++,11-12,Peru,"san Pedro de Cajas, only 2","8,00" 
LANDSHELLS,ORTHALICIDAE,Naesiotus  sp3,F++,9-10,Peru,"Near Palcamayo, white and elongated shell","15,00" 
LANDSHELLS,ORTHALICIDAE,Naesiotus  sp41,F++,7-8,Peru,san Pedro de Cajas,"10,00" 
LANDSHELLS,ORTHALICIDAE,Naesiotus  tarmensis,F++,11-12,Peru,Uncommon,10.00 
LANDSHELLS,ORTHALICIDAE,Neopetraeus altoperuvianus,F++,40-43,Peru,"uncommon, Only 2 samples.","20,00" 
LANDSHELLS,ORTHALICIDAE,Neopetraeus catamarcanus,F++,25-29,Peru,,"15,00" 
LANDSHELLS,ORTHALICIDAE,Neopetraeus catamarcanus,F+,30-33,Peru,,"20,00" 
LANDSHELLS,ORTHALICIDAE,Neopetraeus  cremnobates,F+,27-30,Peru,light grey form,10.00 
LANDSHELLS,ORTHALICIDAE,Neopetraeus  cremnobates,F++,28-32,Peru,"banded form, minor chipped lip","15,00" 
LANDSHELLS,ORTHALICIDAE,Neopetraeus  lobbi,F+,40-43,Peru,,10.00 
LANDSHELLS,ORTHALICIDAE,Neopetraeus  millegranus,F++,27-30,Peru,,"15,00" 
LANDSHELLS,ORTHALICIDAE,Neopetraeus tessellatus,F+,30-33,Peru,,"20,00" 
LANDSHELLS,ORTHALICIDAE,Peronaeus ischnuss,F+,18-19,Chile,,"10,00" 
LANDSHELLS,ORTHALICIDAE,Peronaeus pupiformis,F++,14-18,Chile,Fresh dead,"5,00" 
LANDSHELLS,ORTHALICIDAE,Plectostylus araucanus,F++,36,Chile,"Dark blotched, very rare Species",40.00 
LANDSHELLS,ORTHALICIDAE,Plectostylus broderipi,F++,45,Chile,"dead collected. Huge, good pattern",20.00 
LANDSHELLS,ORTHALICIDAE,Plectostylus broderipi,F++,32-36,Chile,"dark pattern form, Very RARE",25.00 
LANDSHELLS,ORTHALICIDAE,Plectostylus broderipi,F++,28,Chile,"dark pattern form, Very RARE",15.00 
LANDSHELLS,ORTHALICIDAE,Plectostylus broderipi,F++,39,Chile,"light colour form, rare live collected",20.00 
LANDSHELLS,ORTHALICIDAE,Plectostylus broderipi Form: elongata,F++,25-28,Chile,"fresh dead, rare",15.00 
LANDSHELLS,ORTHALICIDAE,Plectostylus broderipi Form: elongata,F++,32-34,Chile,"fresh dead, rare",20.00 
LANDSHELLS,ORTHALICIDAE,Plectostylus broderip Form: elongata,F++,23,Chile,"Nice juvenile, fresh dead",10.00 
LANDSHELLS,ORTHALICIDAE,Plectostylus cf chilensis,F++,35-39,Chile,From Los Molles,8.00 
LANDSHELLS,ORTHALICIDAE,Plectostylus cf.chilensis,F++,42-43,Chile,"From Los Molles, huge",12.00 
LANDSHELLS,ORTHALICIDAE,Plectostylus cf. Chilensis,F++,25-29,Chile,From Cabildo,7.00 
LANDSHELLS,ORTHALICIDAE,Plectostylus cf. Chilensis,F++,34-37,Chile,From El Canelo,10.00 
LANDSHELLS,ORTHALICIDAE,Plectostylus cf. Coquimbensis,F++,25-28,Chile,"may be one dwarf form of Pl. coquimbensis, nice , habitat destroyed",10.00 
LANDSHELLS,ORTHALICIDAE,Plectostylus cf. Punctulifer,F++,17-20,Chile,From Lampa,6.00 
LANDSHELLS,ORTHALICIDAE,Plectostylus cf.prolatus,F++,35-39,Chile,From Lampa,20.00 
LANDSHELLS,ORTHALICIDAE,Plectostylus cf.prolatus,F++,40-44,Chile,From Lampa,25.00 
LANDSHELLS,ORTHALICIDAE,Plectostylus cf.prolatus,F++,47-48,Chile,Huge,35.00 
LANDSHELLS,ORTHALICIDAE,Plectostylus chilensis,F++,30-32,Chile,"From Villa Alemana, nice samples",7.00 
LANDSHELLS,ORTHALICIDAE,Plectostylus chilensis  1,F++,20-26,Chile,"Dwarf form, nice, from Pichilemu",4.00 
LANDSHELLS,ORTHALICIDAE,Plectostylus chilensis  2,F++,33-35,Chile,"Litoral Central , HUGE",6.00 
LANDSHELLS,ORTHALICIDAE,Plectostylus chilensis 2,F++,24-26,Chile,,3.00 
LANDSHELLS,ORTHALICIDAE,Plectostylus chilensis4,F++,29-31,Chile,From Huentelauquen,7.00 
LANDSHELLS,ORTHALICIDAE,Plectostylus chilensis6,F++,26-32,Chile,From Pichilemu,8.00 
LANDSHELLS,ORTHALICIDAE,Plectostylus chilensis7,F++,31-36,Chile,From Quilimari,8.00 
LANDSHELLS,ORTHALICIDAE,Plectostylus coquimbensis,F++,32-36,Chile,,10.00 
LANDSHELLS,ORTHALICIDAE,Plectostylus coquimbensis,F++,37-39,Chile,,12.00 
LANDSHELLS,ORTHALICIDAE,Plectostylus coquimbensis,F++,40-44,Chile,,16.00 
LANDSHELLS,ORTHALICIDAE,Plectostylus coquimbensis,F++,45-46,Chile,,20.00 
LANDSHELLS,ORTHALICIDAE,Plectostylus coquimbensis,F++,46.8,Chile,,25.00 
LANDSHELLS,ORTHALICIDAE,Plectostylus coquimbensis,F++,46.4,Chile,,22.00 
LANDSHELLS,ORTHALICIDAE,Plectostylus punctulifer,F++,24-29,Chile,,"6,00" 
LANDSHELLS,ORTHALICIDAE,Plectostylus reflexus,F++,30-32,Chile,"Dotted pattern, uncommon",10.00 
LANDSHELLS,ORTHALICIDAE,Plectostylus reflexus,F++,30-33,Chile,"normal pattern, Larges",7.00 
LANDSHELLS,ORTHALICIDAE,Plectostylus reflexus,F++,35++,Chile,Huge,15.00 
LANDSHELLS,ORTHALICIDAE,Plectostylus reflexus,F++,20-29,Chile,Dwarf,"5,00" 
LANDSHELLS,ORTHALICIDAE,Plectostylus sp,F++,31-37,Chile,From Pichidangui,7.00 
LANDSHELLS,ORTHALICIDAE,Plectostylus sp.,F++,20-24,Chile,"like Pl. ochseni, nice small shells",10.00 
LANDSHELLS,ORTHALICIDAE,Plectostylus sp.,F++,37,Chile,From Rungue,"8,00" 
LANDSHELLS,ORTHALICIDAE,Plectostylus sp2,F++,32-35,Chile,Cuesta La dormida,8.00 
LANDSHELLS,ORTHALICIDAE,Plectostylus sp5,F++,19-24,Chile,Like a small Pl. peruvianus,8.00 
LANDSHELLS,ORTHALICIDAE,Plectostylus variegatus,F++,33-35,Chile,,"20,00" 
LANDSHELLS,ORTHALICIDAE,Plectostylus variegatus,F++,40-44,Chile,UNCOMMON,"25,00" 
LANDSHELLS,ORTHALICIDAE,Plectostylus variegatus,F+,48-49,Chile,UNCOMMON,"30,00" 
LANDSHELLS,ORTHALICIDAE,Plectostylus sp,F++,37-41,Peru,"From Culipran, Fresh dead",6.00 
LANDSHELLS,ORTHALICIDAE,Scutalus versicolor lachayensis,F++,26-28,Peru,From old collection,10.00 
LANDSHELLS,ORTHALICIDAE,Scutalus sp2,F++,24-29,Peru,From La union,4.00 
LANDSHELLS,ORTHALICIDAE,Scutalus costifer  naggsi,F++,20-23,Peru,,"6,00" 
LANDSHELLS,ORTHALICIDAE,Scutalus cretaceus,F++,30-35,Peru,White form,6.00 
LANDSHELLS,ORTHALICIDAE,Scutalus cretaceus,F++,30-35,Peru,brown colour form,6.00 
LANDSHELLS,ORTHALICIDAE,Scutalus chiletensis granulatus,F++,33-37,Peru,,6.00 
LANDSHELLS,ORTHALICIDAE,Scutalus sp1,F++,32-36,Peru,"From Laraos, white","10,00" 
LANDSHELLS,ORTHALICIDAE,Scutalus sp3,F+,25-27,Peru,From around Tarma,8.00 
LANDSHELLS,ORTHALICIDAE,Scutalus sp.4,F++,34-35,Peru,"Fresh dead, White colour.","7,00" 
LANDSHELLS,ORTHALICIDAE,Scutalus sp5,F++,27-30,Peru,"White shell, From Pacarenga, uncommon","15,00" 
LANDSHELLS,ORTHALICIDAE,Scutalus sp.6,F++,20-22,Peru,Near Palcamayo,"7,00" 
LANDSHELLS,ORTHALICIDAE,Scutalus sp.8,F++,,Peru,From San Pedro de Cajas,"10,00" 
LANDSHELLS,ORTHALICIDAE,Scutalus alaudus,F++,25-29,Peru,,8.00 
LANDSHELLS,ORTHALICIDAE,Scutalus alaudus,F++,30-34,Peru,Huge,"10,00" 
LANDSHELLS,ORTHALICIDAE,Scutalus alaudus,F++,28-30,Peru,brown colour form,10.00 
LANDSHELLS,ORTHALICIDAE,Scutalus alaudus F: hendeensis,F++,33-35,Peru,,"10,00" 
LANDSHELLS,ORTHALICIDAE,Scutalus alaudus F: hendeensis,F++,36-37,Peru,,"12,00" 
LANDSHELLS,ORTHALICIDAE,Scutalus macedoi,F++,17-20,Peru,,"7,00" 
LANDSHELLS,ORTHALICIDAE,Scutalus culmineus zilchi,F++,23-27,Ecuador,,"10,00" 
LANDSHELLS,ORTHALICIDAE,Simpulopsis colmeroi,F++,10-11,Ecuador,"Only 1, rare","20,00" 
LANDSHELLS,ORTHALICIDAE,Simpulopsis colmeroi,F++,13-14,Peru,"Only 1, rare","25,00" 
LANDSHELLS,ORTHALICIDAE,Thaumastus bambamarcaensis,F++,30-37,Peru,,7.00 
LANDSHELLS,ORTHALICIDAE,Thaumastus bitaeniatus,F++,36-39,Peru,,"7,00" 
LANDSHELLS,ORTHALICIDAE,Thaumastus bitaeniatus,F++,40-44,Peru,,"10,00" 
LANDSHELLS,ORTHALICIDAE,Thaumastus porphyreus cajamarcanus,F++,35-39,Peru,,"15,00" 
LANDSHELLS,ORTHALICIDAE,Thaumastus sangoae,F++,67-70,Peru,Only 2,"18,00" 
LANDSHELLS,ORTHALICIDAE,Thaumastus tarmensis,F++,30-32,Peru,"Huge, all brown",10.00 
LANDSHELLS,ORTHALICIDAE,Thaumastus tarmensis,F++,25,Peru,All brown,6.00 
LANDSHELLS,ORTHALICIDAE,Thaumastus tarmensis,F++,20-23,Peru,"very dark brown, From near Tarma","6,00" 
LANDSHELLS,ORTHALICIDAE,Thaumastus tarmensis,F+,27-28,Peru,"very dark brown, From near Tarma","8,00" 
LANDSHELLS,ORTHALICIDAE,Xenothauma baronii,F+,24-26,Peru,"ALBINE, minor chipped lip","15,00" 
LANDSHELLS,ORTHALICIDAE,Xenothauma baronii,F++,20-25,Peru,minor chpped lip,10.00 
LANDSHELLS,ORTHALICIDAE,Liguus  fasciatus crenatus,F++,32-35,Cuba,,"7,00" 
LANDSHELLS,ORTHALICIDAE,Liguus fasciatus achatinus,F++,37-40,Cuba,,"7,00" 
LANDSHELLS,ORTHALICIDAE,Liguus fasciatus achatinus,F++,47-50,Cuba,,"12,00" 
LANDSHELLS,ORTHALICIDAE,Paeniscutalus tenuis,F++,28-30,Peru,,"10,00" 
LANDSHELLS,ORTHALICIDAE,Paeniscutalus tenuis,F++,33-34,Peru,Larges,"15,00" 
LANDSHELLS,ORTHALICIDAE,Bostryx derelictus,F+,19-22,Chile,"Extinct species, good samples","6,00" 
LANDSHELLS,PHYSIDAE,Stenophysa marmorata,F++,10-11,Uruguay,,"1,00" 
LANDSHELLS,PLACOSTYLIDAE,Aspastus miltocheilus,F++,57,Solomon Island,,"12,00" 
LANDSHELLS,PLECTOPYLIDAE,Plectopylis revoluta,F++,17-18,Malaysia,,"10,00" 
LANDSHELLS,POMATIASIDAE,Tudorella ferruginea,F++,18,Spain,,"4,00" 
LANDSHELLS,POMATIASIDAE,Pomatias elegans,F++,11-13,Spain,W/O,"1,00" 
LANDSHELLS,POMATIIDAE,Abbotella sosuaensis,F++,6-6.5,Dominican Republic ,Uncommon,"10,00" 
LANDSHELLS,POMATIIDAE,Parachondria riisei,F++,12-13,Puerto Rico,,"10,00" 
LANDSHELLS,PUNCTIDAE,Laoma mariae,F++,3+,New Zealand,,"10,00" 
LANDSHELLS,PUNCTIDAE,Paralaoma lateumbilicata,F++,1.5+,New Zealand,,"8,00" 
LANDSHELLS,PUNCTIDAE,Phrixgnathus liratulus,F++,3.3-4,New Zealand,,"10,00" 
LANDSHELLS,PUNCTIDAE,Phrixgnathus phrynia,F++,2+,New Zealand,,"10,00" 
LANDSHELLS,PUNCTIDAE,Phrixgnathus poecilostricta,F++,2.5-3,New Zealand,,"10,00" 
LANDSHELLS,PUNCTIDAE,Punctid new sp. 61,F++,3+,New Zealand,,"15,00" 
LANDSHELLS,PUPINIDAE,Cytora chiltoni,F++,2+,New Zealand,,"7,00" 
LANDSHELLS,PUPINIDAE,Liarea aupouria,F++,8.5-9,New Zealand,,"8,00" 
LANDSHELLS,PUPINIDAE,Liarea hochstetteri,F++,6+,New Zealand,,"10,00" 
LANDSHELLS,PUPINIDAE,Pupinella rufa,F++,9-9.5,Japan,,"3,00" 
LANDSHELLS,SOLAROPSIDAE,Solaropsis  selenostoma,F++,24.6,Ecuador,Uncommon,"30,00" 
LANDSHELLS,SPHINTEROCHILIDAE,Sphinterochila  candidissima,F++,21+,Spain,,"1,00" 
LANDSHELLS,SPIRAXIDAE,Euglandina cf. Angusta,F+,43,Peru,"Drilled in the penultim whorl, Very rare, very good sample","30,00" 
LANDSHELLS,SPIRAXIDAE,Obeliscus riparius,F+,25-30,Ecuador,,10.00 
LANDSHELLS,SPIRAXIDAE,Obeliscus riparius,F+,31-35,Ecuador,,15.00 
LANDSHELLS,SPIRAXIDAE,Obeliscus riparius,F+,36-39,Ecuador,,20.00 
LANDSHELLS,STROPHOCHEILIDAE,Chiliborus bridgesi,F+,17-19,Chile,"Typical locality, yiny chipped lip",20.00 
LANDSHELLS,STROPHOCHEILIDAE,Chiliborus bridgesi,F++,20-22,Chile,"large, new locality,  Maybe a suspecies, TOP QUALITY","30,00" 
LANDSHELLS,STROPHOCHEILIDAE,Chiliborus chilensis,F++,30-35,Chile,,4.00 
LANDSHELLS,STROPHOCHEILIDAE,Chiliborus new sp.1,F++,27-29,Chile,,15.00 
LANDSHELLS,STROPHOCHEILIDAE,Chiliborus pachychilus,F,30-35,Chile,fresh dead,4.00 
LANDSHELLS,STROPHOCHEILIDAE,Chiliborus rosaceus seneri,F+,55-60,Chile,all the time with growth line,"15,00" 
LANDSHELLS,STROPHOCHEILIDAE,Chiliborus rosaceus seneri,F+,61-65,Chile,Larges,"18,00" 
LANDSHELLS,STROPHOCHEILIDAE,Chiliborus rosaceus particeps,F+,60-67,Chile,"Uncommon shells,white lip",25.00 
LANDSHELLS,STROPHOCHEILIDAE,Chiliborus rosaceus particeps,F++,66-69,Chile,brown lip,"25,00" 
LANDSHELLS,STROPHOCHEILIDAE,Chiliborus rosaceus particeps,F++,70-73,Chile,"Uncommon shells,white lip,Larges",30.00 
LANDSHELLS,STROPHOCHEILIDAE,Chiliborus rasaceus rosaceus,F+,56-60,Chile,,"15,00" 
LANDSHELLS,STROPHOCHEILIDAE,Chiliborus sp5,F++,40-44,Chile,From Cabildo,15.00 
LANDSHELLS,STROPHOCHEILIDAE,Chiliborus sp6,F++,44-49,Chile,dwarf Str. rosaceus seneri?,"12,00" 
LANDSHELLS,SUBULINIDAE,Pseudoglandina agitata,F++,,Peru,,3.00 
LANDSHELLS,SUCCINEIDAE,Succinea peruviana,F++,10-12,Peru,,2.00 
LANDSHELLS,Systrophiidae.,Systrophia ammoniformis,F+,6-7,Peru,fresh dead,"5,00" 
LANDSHELLS,Systrophiidae.,Systrophia ammoniformis,F+,9-10,Peru,fresh dead,"8,00" 
LANDSHELLS,Systrophiidae.,Systrophia ammoniformis,F+,12.2,Peru,fresh dead,"12,00" 
LANDSHELLS,Systrophiidae.,Systrophia angigyra,F++, 10-12,Peru,fresh dead,10.00 
LANDSHELLS,Systrophiidae.,Systrophia angigyra,F++,8-9,Peru,fresh dead,"7,00" 
LANDSHELLS,Systrophiidae.,Systrophia cereonitens,F+,12-13,Peru,fresh dead,5.00 
LANDSHELLS,Systrophiidae.,Systrophia decagyra,F++,10-13,Peru,Live collected,4.00 
LANDSHELLS,Systrophiidae.,Systrophia peruviana,F++,8-10.,Peru,,2.00 
LANDSHELLS,Systrophiidae.,Systrophia obvulata,F+,10-13,Peru,"uncommon, fresh dead",10.00 
LANDSHELLS,Systrophiidae.,Systrophia planispira,F+,16-20,Peru,"very rare, large Systrophia, fresh dead",20.00 
LANDSHELLS,Systrophiidae.,Systrophia sp,F++,3-4.,Peru,From Acolla,4.00 
LANDSHELLS,TRISSEXODONTIDAE,Caracolina lenticula,F++,7-8,Spain,,0.50 
LANDSHELLS,TRUNCATELLIDAE,Truncatella pfeifferi,F++,5-6,Japan,,2.00 
LANDSHELLS,TRUNCATELLIDAE,Truncatella pfeifferi,F++,8-9,Philippines,,"2,00" 
LANDSHELLS,UROCOPTIDAE,Brachypodella portoricensis,F++,10.5+,Puerto Rico,Uncommon,"20,00" 
LANDSHELLS,UROCOPTIDAE,Urocoptis ambigua f: magna,F++,21.7,Jamaica,,"10,00" 
LANDSHELLS,UROCOPTIDAE,Urocoptis ambigua f: magna,F++,28,Jamaica,,"14,00" 
LANDSHELLS,XANTHONYCIDAE,Polymita  picta roseolimbata minor,F++,20-23,Cuba,white pattern,8.00 
LANDSHELLS,XANTHONYCIDAE,Polymita  picta roseolimbata minor,F++,21-23,Cuba,Light brown shells,8.00 
LANDSHELLS,XANTHONYCIDAE,Polymita  picta roseolimbata ,F++,20-22,Cuba,yellow colour,8.00 
LANDSHELLS,XANTHONYCIDAE,Polymita  picta roseolimbata virgata,F++,18-18,Cuba,white pattern,8.00 
LANDSHELLS,XANTHONYCIDAE,Polymita  picta roseolimbata virgata,F++,15-17,Cuba,yellow pattern,8.00 
LANDSHELLS,XANTHONYCIDAE,Polymita  picta picta,F++,,Cuba,variable pattern,8.00 
LANDSHELLS,XANTHONYCIDAE,Polymita  venusta,F++,12-15,Cuba,,4.00 
LANDSHELLS,XANTHONYCIDAE,Polymita  muscarum,F++,17-19,Cuba,light brown with two dark brown radial lines,9.00 
LANDSHELLS,XANTHONYCIDAE,Polymita  nigrolimbata,F++,21-23,Cuba,"Nice yellow shell with one dark band,",10.00 
LANDSHELLS,XANTHONYCIDAE,Polymita  versicolor reticulella,F++,19-21,Cuba,,10.00 
LANDSHELLS,XANTHONYCIDAE,Polymita  versicolor reticulata,F++,20-21,Cuba,,10.00 
LANDSHELLS,XANTHONYCIDAE,Polymita  picta iolimbata iosaturata,F++,24-26,Cuba,,12.00 
LANDSHELLS,XANTHONYCIDAE,Polymita  picta iolimbata iofasciata,F++,23-25,Cuba,,12.00 
LANDSHELLS,XANTHONYCIDAE,Polymita  picta obscurata,F++,27-29,Cuba,Larges,15.00 
LANDSHELLS,ZONITIDAE,Aegopis  verticillus,F++,25,Czech Republic,,3.50 
FRESH WATER,AMPULLARIIDAE,Pomacea columellaris,F++,30-33,Peru,,4.50 
FRESH WATER,AMPULLARIIDAE,Pomacea columellaris,F++,30-33,Peru,reddish brown inside of outer lip,6.00 
FRESH WATER,AMPULLARIIDAE,Pomacea urceus,F,92,Colombia,"Trimmed lip, seldom offered","15,00" 
FRESH WATER,AMPULLARIIDAE,Pomacea urceus,F,100,Colombia,"Trimmed lip, seldom offered","20,00" 
FRESH WATER,AMPULLARIIDAE,Pomacea urceus,F,105,Colombia,"Broken lip near columella, trimmed lip, ","10,00" 
FRESH WATER,AMNICOLIDAE,Littoridina coquimbensis,F++,,Chile,,2.00 
FRESH WATER,AMNICOLIDAE,Littoridina sp1,F++,3-4,Chile,El Tabo,2.00 
FRESH WATER,AMNICOLIDAE,Littoridina sp2,F++,3-4,Chile,From Laguna Verde,2.00 
FRESH WATER,AMNICOLIDAE,Littoridina sp3,F++,5-6,Chile,From Quilimari,2.00 
FRESH WATER,AMNICOLIDAE,Littoridina sp4,F++,3-4,Chile,From Cobquecura,2.00 
FRESH WATER,AMNICOLIDAE,Littoridina sp.5,F++,5-6,Peru,From Chavin,"3,00" 
FRESH WATER,ANCYLIDAE,Gundlachia gayana,F++,5-6,Chile,,2.00 
FRESH WATER,ASSIMINEIDAE,Assiminea brevicula,F++,4+,Thailand,,"1,00" 
FRESH WATER,CHILINIDAE,Chilina bulloides,F++,8-12,Chile,Very uncommon,7.00 
FRESH WATER,CHILINIDAE,Chilina ampullacea,F+,25-28,Chile,Ttypical erosion on apex,5.00 
FRESH WATER,CHILINIDAE,Chilina fluctuosa,F++,15-18,Chile,,3.00 
FRESH WATER,CHILINIDAE,Chilina llanquihuensis,F+,20-30,Chile,Minor typical erosion on apex,5.00 
FRESH WATER,CHILINIDAE,Chilina ampullacea,F++,24-27,Chile,Very nice shells,4.00 
FRESH WATER,CHILINIDAE,Chilina bullocki,F++,17-19,Chile,,4.00 
FRESH WATER,CHILINIDAE,Chilina cf. Dombeyana,F++,22-24,Chile,Cautin River,3.00 
FRESH WATER,CHILINIDAE,Chilina dombeyana,F+,17-20,Chile,,3.00 
FRESH WATER,CHILINIDAE,Chilina llanquihuensis,F+,14-16,Chile,erosion on apex,3.00 
FRESH WATER,CHILINIDAE,Chilina major,F++,,Chile,From Las Mellisas,7.00 
FRESH WATER,CHILINIDAE,Chilina minuta,F++,11-12,Chile,"Very Rare, First time offered",10.00 
FRESH WATER,CHILINIDAE,Chilina ovalis,F++,9-10,Chile,,4.00 
FRESH WATER,CHILINIDAE,Chilina patagonica,F++,12-14,Chile,Rare,10.00 
FRESH WATER,CHILINIDAE,Chilina sp1,F++,12-14,Chile,From Icalma,3.00 
FRESH WATER,CHILINIDAE,Chilina sp2,F++,12-14,Chile,From Putue,3.00 
FRESH WATER,CHILINIDAE,Chilina sp3,F++,17-19,Chile,From Pichilemu,3.00 
FRESH WATER,CHILINIDAE,Chilina sp4,F++,10-12,Chile,Bio Bio river,3.00 
FRESH WATER,CHILINIDAE,Chilina sp5,F++,22-24,Chile,Pellaifa lake,4.00 
FRESH WATER,CHILINIDAE,Chilina sp7,F++,9-10,Chile,From Temuco,5.00 
FRESH WATER,CHILINIDAE,Chilina subcylindrica,F++,8-9,Chile,,4.00 
FRESH WATER,CHILINIDAE,Chilina sp.8,F++,8-10,Chile,From Panguipulli lake,"3,00" 
FRESH WATER,CHILINIDAE,Chilina sp.8,F++,12+,Chile,From Panguipulli lake,"5,00" 
FRESH WATER,CHILINIDAE,Chilina iheringi,F++,11-13,Chile,,"4,00" 
FRESH WATER,HYDROBIIDAE,sadleriana pannonica,F++,2+,Slovaquia,,3 
FRESH WATER,LYMNAEIDAE,Lymnaea diaphana,F++,6-8,Chile,,4.00 
FRESH WATER,LYMNAEIDAE,Lymnaea viator,F++,4-5,Chile,,2.00 
FRESH WATER,PHYSIDAE,Physa chilensis,F++,11-13,Chile,,"2,00" 
FRESH WATER,PHYSIDAE,Physa nodulosa,F++,9-10,Chile,,2.00 
FRESH WATER,PHYSIDAE,Physa sp1,F++,11-13,Chile,,2.00 
FRESH WATER,PHYSIDAE,Physa sp.2,F++,6-7,Chile,Illapel,2.00 
FRESH WATER,PHYSIDAE,Stenophysa marmorata,F++,10-11,Uruguay,,2.00 
FRESH WATER,PLANORBIDAE,Biomphalaria tenagophila,F++,6-8,Uruguay,,2.00 
FRESH WATER,PLANORBIDAE,Tropicorbis schmiererianus,F++,,Chile,Larges,3.00 
FRESH WATER,PLANORBIDAE,Taphius sp,F++,5-6,Peru,,"3,00" 
FRESH WATER,PLANORBIDAE,Anisus leucostoma,F++,3.5-4,Slovakia,,"1,00" 
FRESH WATER,PLEUROCERIDAE,Leptoxis praerosa,F++,8.9,USA,,"2,00" 
FRESH WATER,PLEUROCERIDAE,Leptoxis praerosa,F++,10.7-11,USA,,"3,00" 
FRESH WATER,SEMISULCUSPIRIDAE,Biwamelania nipponica,F++,18-19,Japan,"Endemic to Biwa Lake, typical decollated","20,00" 
FRESH WATER,SEMISULCUSPIRIDAE,Bellamya trochlearis,F++,21,Tanzania,,"7,00" 
FRESH WATER,THIARIDAE,Thiara sp,F++,23-25,Peru,,3.00 
FRESH WATER,VIVIPARIDAE,Bellamya trochlearis,F+,21-22,Tanzania,"Chipped lip, W/O",8.00 
FRESH WATER,VIVIPARIDAE,Bellamya cf. Aeruginosa,F+,41-42,China,,4.00 
FRESH WATER,VIVIPARIDAE,Cipangopaludina cathayensis,F+,37-40,China,W/O,3.00 
FRESH WATER,VIVIPARIDAE,Cipangopaludina cathayensis,F+,56-57,China,,5.00 
FRESH WATER,SPHAERIIDAE,Musculium sp.,F++,6-7,Chile,,3.00 
FRESH WATER,SPHAERIIDAE,Pisisium chilense,F++,3-4,Chile,,3.00 
FRESH WATER,UNIONIDAE,Diplodon chilensis,F+,30-40,Chile,Erosion on umbos,4.00 
FRESH WATER,UNIONIDAE,Lanceolaria  gladiola,F++,151,China,Erosion on umbos,"12,00" 
FRESH WATER,UNIONIDAE,Lepidodesma languilati,F++,145,China,Large,"15,00" 
FRESH WATER,UNIONIDAE,Lanceolaria  oxyrhyncha,F++,52+,Japan,,"3,00" 
FRESH WATER,UNIONIDAE,Lanceolaria  oxyrhyncha,F++,60-65,Japan,"Lake Biwa, endemic",3.50 
FRESH WATER,POLYPLACOPHORA,Acanthopleura  echinata,F+,50-55,Chile,,"5,00" 
FRESH WATER,POLYPLACOPHORA,Acanthopleura  echinata,F+,70-76,Chile,,"8,00" 
FRESH WATER,POLYPLACOPHORA,Acanthopleura  echinata,F+,80-85,Chile,,"9,00" 
FRESH WATER,POLYPLACOPHORA,Acanthopleura  echinata,F+,90-95,Chile,,"10,00" 
FRESH WATER,POLYPLACOPHORA,Acanthopleura  echinata,F+,100+,Chile,,"15,00" 
FRESH WATER,POLYPLACOPHORA,Chaetopleura peruviana,F+,35.39,Chile,,6.00 
FRESH WATER,POLYPLACOPHORA,Chiton cumingsi,F++,35-40,Chile,,3.00 
FRESH WATER,POLYPLACOPHORA,Chiton cumingsi,F++,41-45,Chile,,5.00 
FRESH WATER,POLYPLACOPHORA,Chiton cumingsi,F++,46-50,Chile,,7.00 
FRESH WATER,POLYPLACOPHORA,Chiton granosus,F+,31-37,Chile,,3.00 
FRESH WATER,POLYPLACOPHORA,Chiton granosus,F+,40-45,Chile,,5.00 
FRESH WATER,POLYPLACOPHORA,Chiton granosus,F+,57,Chile,"Huge, good quality",8.00 
FRESH WATER,POLYPLACOPHORA,Chiton striatus,F++,60-63,Chile,"Larges, only 3",6.00 
FRESH WATER,POLYPLACOPHORA,Chiton striatus,F++,70-72,Chile,only 1,8.00 
FRESH WATER,POLYPLACOPHORA,Chiton striatus,F++,78-79,Chile,only 1,10.00 
FRESH WATER,POLYPLACOPHORA,Chiton striatus,F++,85-87,Chile,only 1,"12,00" 
FRESH WATER,POLYPLACOPHORA,Chiton sp,F+,33-38,Chile,Like Ch. striatus,5.00 
FRESH WATER,POLYPLACOPHORA,Tonicia  chilena granifera,F++,30-34,Chile,,5.00 
FRESH WATER,POLYPLACOPHORA,Tonicia  chilena granifera,F++,35-38,Chile,,7.00 
FRESH WATER,POLYPLACOPHORA,Tonicia  atrata,F++,30-35,Chile,rare in Chile,10.00 
FRESH WATER,POLYPLACOPHORA,Tonicia  chilena chiloensis,F++,30-35,Chile,,5.00 
FRESH WATER,POLYPLACOPHORA,Tonicia  chilena chiloensis,F++,44-48,Chile,Larges,8.00 
FRESH WATER,POLYPLACOPHORA,Tonicia  chilena chiloensis,F++ ,50+,Chile,Huge,10.00 
FRESH WATER,POLYPLACOPHORA,Chiton subfuscus,F+,33-35,Chile,Rare,"20,00" 
FRESH WATER,POLYPLACOPHORA,Chiton sp,F++,8-9,Ecuador,,2.00 
FRESH WATER,BRACHIOPOD,Lingula anatina,F++,45+,China,Nice green,5.00 
